time,amp
0,1
0.00390625,1.270130253
0.0078125,2.185883737
0.01171875,3.150637989
0.015625,3.559587701
0.01953125,3.161193587
0.0234375,2.207057755
0.02734375,1.302048131
0.03125,1.042849387
0.03515625,1.657761371
0.0390625,2.860376099
0.04296875,4.004769916
0.046875,4.453223902
0.05078125,3.942696741
0.0546875,2.736464151
0.05859375,1.472478832
0.0625,0.796896995
0.06640625,0.996357336
0.0703125,1.842788271
0.07421875,2.739730344
0.078125,3.082537203
0.08203125,2.619824086
0.0859375,1.603342827
0.08984375,0.638105919
0.09375,0.320937098
0.09765625,0.880269443
0.1015625,2.02982205
0.10546875,3.123791888
0.109375,3.524573928
0.11328125,2.96923373
0.1171875,1.721146626
0.12109375,0.418357438
0.125,-0.292893219
0.12890625,-0.125890154
0.1328125,0.691363454
0.13671875,1.562468303
0.140625,1.882829809
0.14453125,1.401106473
0.1484375,0.369084786
0.15234375,-0.608196782
0.15625,-0.933897252
0.16015625,-0.379575077
0.1640625,0.768488527
0.16796875,1.864481441
0.171875,2.270780798
0.17578125,1.72442563
0.1796875,0.488756115
0.18359375,-0.79822661
0.1875,-1.49033403
0.19140625,-1.30091134
0.1953125,-0.458030232
0.19921875,0.441833523
0.203125,0.794001111
0.20703125,0.347039251
0.2109375,-0.647364666
0.21484375,-1.584278344
0.21875,-1.866973785
0.22265625,-1.267128944
0.2265625,-0.071150771
0.23046875,1.075016966
0.234375,1.533614166
0.23828125,1.041537375
0.2421875,-0.138020607
0.24609375,-1.367210549
0.25,-2
0.25390625,-1.749893982
0.2578125,-0.845127388
0.26171875,0.117657842
0.265625,0.533614166
0.26953125,0.151137434
0.2734375,-0.778257552
0.27734375,-1.649812376
0.28125,-1.866973785
0.28515625,-1.201594912
0.2890625,0.059742115
0.29296875,1.270918784
0.296875,1.794001111
0.30078125,1.365713056
0.3046875,0.249076549
0.30859375,-0.918227907
0.3125,-1.49033403
0.31640625,-1.180910042
0.3203125,-0.218350666
0.32421875,0.800546098
0.328125,1.270780798
0.33203125,0.940601908
0.3359375,0.061381746
0.33984375,-0.76225851
0.34375,-0.933897252
0.34765625,-0.225513349
0.3515625,1.076191568
0.35546875,2.324986006
0.359375,2.882829809
0.36328125,2.486347836
0.3671875,1.398470235
0.37109375,0.256793279
0.375,-0.292893219
0.37890625,0.035674005
0.3828125,1.014039845
0.38671875,2.045354197
0.390625,2.524573928
0.39453125,2.199912356
0.3984375,1.322715268
0.40234375,0.49758601
0.40625,0.320937098
0.41015625,1.020789351
0.4140625,2.310449608
0.41796875,3.543703619
0.421875,4.082537203
0.42578125,3.663609877
0.4296875,2.549895052
0.43359375,1.379040768
0.4375,0.796896995
0.44140625,1.089795399
0.4453125,2.02935737
0.44921875,3.018817209
0.453125,3.453223902
0.45703125,3.080890383
0.4609375,2.153269318
0.46484375,1.275077938
0.46875,1.042849387
0.47265625,1.684731564
0.4765625,2.914164537
0.48046875,4.08507312
0.484375,4.559587701
0.48828125,4.074517522
0.4921875,2.892990518
0.49609375,1.652813685
0.5,1
0.50390625,1.221047796
0.5078125,2.087748388
0.51171875,3.003508862
0.515625,3.36355342
0.51953125,2.916372237
0.5234375,1.913596806
0.52734375,0.960124354
0.53125,0.652668743
0.53515625,1.21955889
0.5390625,2.374415739
0.54296875,3.471344401
0.546875,3.872654547
0.55078125,3.315333261
0.5546875,2.062684444
0.55859375,0.752688759
0.5625,0.03153013
0.56640625,0.185874708
0.5703125,0.987678084
0.57421875,1.840507685
0.578125,2.139743729
0.58203125,1.634027702
0.5859375,0.575137339
0.58984375,-0.431889321
0.59375,-0.790203368
0.59765625,-0.27134694
0.6015625,0.838423441
0.60546875,1.893328707
0.609375,2.25578736
0.61328125,1.662888044
0.6171875,0.378028716
0.62109375,-0.960723652
0.625,-1.707106781
0.62890625,-1.57438432
0.6328125,-0.790538797
0.63671875,0.04805061
0.640625,0.336808903
0.64453125,-0.175586382
0.6484375,-1.237330277
0.65234375,-2.243366408
0.65625,-2.596836477
0.66015625,-2.069282208
0.6640625,-0.946968693
0.66796875,0.124307459
0.671875,0.50693827
0.67578125,-0.062022972
0.6796875,-1.319222471
0.68359375,-2.626646121
0.6875,-3.338093095
0.69140625,-3.166896938
0.6953125,-2.341118363
0.69921875,-1.457222838
0.703125,-1.11987956
0.70703125,-1.58051288
0.7109375,-2.587427172
0.71484375,-3.535682604
0.71875,-3.828544345
0.72265625,-3.237684228
0.7265625,-2.049503791
0.73046875,-0.909942103
0.734375,-0.456755287
0.73828125,-0.953043539
0.7421875,-2.135611519
0.74609375,-3.366608187
0.75,-4
0.75390625,-3.749291619
0.7578125,-2.8427183
0.76171875,-1.876923071
0.765625,-1.456755287
0.76953125,-1.833821635
0.7734375,-2.756610572
0.77734375,-3.620367661
0.78125,-3.828544345
0.78515625,-3.152999172
0.7890625,-1.880320391
0.79296875,-0.656633348
0.796875,-0.11987956
0.80078125,-0.533343306
0.8046875,-1.634011581
0.80859375,-2.784213505
0.8125,-3.338093095
0.81640625,-3.009329553
0.8203125,-2.026329252
0.82421875,-0.985902505
0.828125,-0.49306173
0.83203125,-0.799572074
0.8359375,-1.654075474
0.83984375,-2.45196564
0.84375,-2.596836477
0.84765625,-1.860682976
0.8515625,-0.530223495
0.85546875,0.748293151
0.859375,1.336808903
0.86328125,0.971930143
0.8671875,-0.083432015
0.87109375,-1.191700887
0.875,-1.707106781
0.87890625,-1.343407084
0.8828125,-0.329078065
0.88671875,0.739008511
0.890625,1.25578736
0.89453125,0.969449175
0.8984375,0.131316659
0.90234375,-0.654030373
0.90625,-0.790203368
0.91015625,-0.049205889
0.9140625,1.28224412
0.91796875,2.557907234
0.921875,3.139743729
0.92578125,2.764387217
0.9296875,1.694784865
0.93359375,0.56855814
0.9375,0.03153013
0.94140625,0.370005326
0.9453125,1.355577663
0.94921875,2.391453728
0.953125,2.872654547
0.95703125,2.547464868
0.9609375,1.667308958
0.96484375,0.836875458
0.96875,0.652668743
0.97265625,1.342807786
0.9765625,2.620703588
0.98046875,3.840251769
0.984375,4.36355342
0.98828125,3.927388394
0.9921875,2.79485517
0.99609375,1.603731228
1,1
1.00390625,1.270130253
1.0078125,2.185883737
1.01171875,3.150637989
1.015625,3.559587701
1.01953125,3.161193587
1.0234375,2.207057755
1.02734375,1.302048131
1.03125,1.042849387
1.03515625,1.657761371
1.0390625,2.860376099
1.04296875,4.004769916
1.046875,4.453223902
1.05078125,3.942696741
1.0546875,2.736464151
1.05859375,1.472478832
1.0625,0.796896995
1.06640625,0.996357336
1.0703125,1.842788271
1.07421875,2.739730344
1.078125,3.082537203
1.08203125,2.619824086
1.0859375,1.603342827
1.08984375,0.638105919
1.09375,0.320937098
1.09765625,0.880269443
1.1015625,2.02982205
1.10546875,3.123791888
1.109375,3.524573928
1.11328125,2.96923373
1.1171875,1.721146626
1.12109375,0.418357438
1.125,-0.292893219
1.12890625,-0.125890154
1.1328125,0.691363454
1.13671875,1.562468303
1.140625,1.882829809
1.14453125,1.401106473
1.1484375,0.369084786
1.15234375,-0.608196782
1.15625,-0.933897252
1.16015625,-0.379575077
1.1640625,0.768488527
1.16796875,1.864481441
1.171875,2.270780798
1.17578125,1.72442563
1.1796875,0.488756115
1.18359375,-0.79822661
1.1875,-1.49033403
1.19140625,-1.30091134
1.1953125,-0.458030232
1.19921875,0.441833523
1.203125,0.794001111
1.20703125,0.347039251
1.2109375,-0.647364666
1.21484375,-1.584278344
1.21875,-1.866973785
1.22265625,-1.267128944
1.2265625,-0.071150771
1.23046875,1.075016966
1.234375,1.533614166
1.23828125,1.041537375
1.2421875,-0.138020607
1.24609375,-1.367210549
1.25,-2
1.25390625,-1.749893982
1.2578125,-0.845127388
1.26171875,0.117657842
1.265625,0.533614166
1.26953125,0.151137434
1.2734375,-0.778257552
1.27734375,-1.649812376
1.28125,-1.866973785
1.28515625,-1.201594912
1.2890625,0.059742115
1.29296875,1.270918784
1.296875,1.794001111
1.30078125,1.365713056
1.3046875,0.249076549
1.30859375,-0.918227907
1.3125,-1.49033403
1.31640625,-1.180910042
1.3203125,-0.218350666
1.32421875,0.800546098
1.328125,1.270780798
1.33203125,0.940601908
1.3359375,0.061381746
1.33984375,-0.76225851
1.34375,-0.933897252
1.34765625,-0.225513349
1.3515625,1.076191568
1.35546875,2.324986006
1.359375,2.882829809
1.36328125,2.486347836
1.3671875,1.398470235
1.37109375,0.256793279
1.375,-0.292893219
1.37890625,0.035674005
1.3828125,1.014039845
1.38671875,2.045354197
1.390625,2.524573928
1.39453125,2.199912356
1.3984375,1.322715268
1.40234375,0.49758601
1.40625,0.320937098
1.41015625,1.020789351
1.4140625,2.310449608
1.41796875,3.543703619
1.421875,4.082537203
1.42578125,3.663609877
1.4296875,2.549895052
1.43359375,1.379040768
1.4375,0.796896995
1.44140625,1.089795399
1.4453125,2.02935737
1.44921875,3.018817209
1.453125,3.453223902
1.45703125,3.080890383
1.4609375,2.153269318
1.46484375,1.275077938
1.46875,1.042849387
1.47265625,1.684731564
1.4765625,2.914164537
1.48046875,4.08507312
1.484375,4.559587701
1.48828125,4.074517522
1.4921875,2.892990518
1.49609375,1.652813685
1.5,1
1.50390625,1.221047796
1.5078125,2.087748388
1.51171875,3.003508862
1.515625,3.36355342
1.51953125,2.916372237
1.5234375,1.913596806
1.52734375,0.960124354
1.53125,0.652668743
1.53515625,1.21955889
1.5390625,2.374415739
1.54296875,3.471344401
1.546875,3.872654547
1.55078125,3.315333261
1.5546875,2.062684444
1.55859375,0.752688759
1.5625,0.03153013
1.56640625,0.185874708
1.5703125,0.987678084
1.57421875,1.840507685
1.578125,2.139743729
1.58203125,1.634027702
1.5859375,0.575137339
1.58984375,-0.431889321
1.59375,-0.790203368
1.59765625,-0.27134694
1.6015625,0.838423441
1.60546875,1.893328707
1.609375,2.25578736
1.61328125,1.662888044
1.6171875,0.378028716
1.62109375,-0.960723652
1.625,-1.707106781
1.62890625,-1.57438432
1.6328125,-0.790538797
1.63671875,0.04805061
1.640625,0.336808903
1.64453125,-0.175586382
1.6484375,-1.237330277
1.65234375,-2.243366408
1.65625,-2.596836477
1.66015625,-2.069282208
1.6640625,-0.946968693
1.66796875,0.124307459
1.671875,0.50693827
1.67578125,-0.062022972
1.6796875,-1.319222471
1.68359375,-2.626646121
1.6875,-3.338093095
1.69140625,-3.166896938
1.6953125,-2.341118363
1.69921875,-1.457222838
1.703125,-1.11987956
1.70703125,-1.58051288
1.7109375,-2.587427172
1.71484375,-3.535682604
1.71875,-3.828544345
1.72265625,-3.237684228
1.7265625,-2.049503791
1.73046875,-0.909942103
1.734375,-0.456755287
1.73828125,-0.953043539
1.7421875,-2.135611519
1.74609375,-3.366608187
1.75,-4
1.75390625,-3.749291619
1.7578125,-2.8427183
1.76171875,-1.876923071
1.765625,-1.456755287
1.76953125,-1.833821635
1.7734375,-2.756610572
1.77734375,-3.620367661
1.78125,-3.828544345
1.78515625,-3.152999172
1.7890625,-1.880320391
1.79296875,-0.656633348
1.796875,-0.11987956
1.80078125,-0.533343306
1.8046875,-1.634011581
1.80859375,-2.784213505
1.8125,-3.338093095
1.81640625,-3.009329553
1.8203125,-2.026329252
1.82421875,-0.985902505
1.828125,-0.49306173
1.83203125,-0.799572074
1.8359375,-1.654075474
1.83984375,-2.45196564
1.84375,-2.596836477
1.84765625,-1.860682976
1.8515625,-0.530223495
1.85546875,0.748293151
1.859375,1.336808903
1.86328125,0.971930143
1.8671875,-0.083432015
1.87109375,-1.191700887
1.875,-1.707106781
1.87890625,-1.343407084
1.8828125,-0.329078065
1.88671875,0.739008511
1.890625,1.25578736
1.89453125,0.969449175
1.8984375,0.131316659
1.90234375,-0.654030373
1.90625,-0.790203368
1.91015625,-0.049205889
1.9140625,1.28224412
1.91796875,2.557907234
1.921875,3.139743729
1.92578125,2.764387217
1.9296875,1.694784865
1.93359375,0.56855814
1.9375,0.03153013
1.94140625,0.370005326
1.9453125,1.355577663
1.94921875,2.391453728
1.953125,2.872654547
1.95703125,2.547464868
1.9609375,1.667308958
1.96484375,0.836875458
1.96875,0.652668743
1.97265625,1.342807786
1.9765625,2.620703588
1.98046875,3.840251769
1.984375,4.36355342
1.98828125,3.927388394
1.9921875,2.79485517
1.99609375,1.603731228
2,1
2.00390625,1.270130253
2.0078125,2.185883737
2.01171875,3.150637989
2.015625,3.559587701
2.01953125,3.161193587
2.0234375,2.207057755
2.02734375,1.302048131
2.03125,1.042849387
2.03515625,1.657761371
2.0390625,2.860376099
2.04296875,4.004769916
2.046875,4.453223902
2.05078125,3.942696741
2.0546875,2.736464151
2.05859375,1.472478832
2.0625,0.796896995
2.06640625,0.996357336
2.0703125,1.842788271
2.07421875,2.739730344
2.078125,3.082537203
2.08203125,2.619824086
2.0859375,1.603342827
2.08984375,0.638105919
2.09375,0.320937098
2.09765625,0.880269443
2.1015625,2.02982205
2.10546875,3.123791888
2.109375,3.524573928
2.11328125,2.96923373
2.1171875,1.721146626
2.12109375,0.418357438
2.125,-0.292893219
2.12890625,-0.125890154
2.1328125,0.691363454
2.13671875,1.562468303
2.140625,1.882829809
2.14453125,1.401106473
2.1484375,0.369084786
2.15234375,-0.608196782
2.15625,-0.933897252
2.16015625,-0.379575077
2.1640625,0.768488527
2.16796875,1.864481441
2.171875,2.270780798
2.17578125,1.72442563
2.1796875,0.488756115
2.18359375,-0.79822661
2.1875,-1.49033403
2.19140625,-1.30091134
2.1953125,-0.458030232
2.19921875,0.441833523
2.203125,0.794001111
2.20703125,0.347039251
2.2109375,-0.647364666
2.21484375,-1.584278344
2.21875,-1.866973785
2.22265625,-1.267128944
2.2265625,-0.071150771
2.23046875,1.075016966
2.234375,1.533614166
2.23828125,1.041537375
2.2421875,-0.138020607
2.24609375,-1.367210549
2.25,-2
2.25390625,-1.749893982
2.2578125,-0.845127388
2.26171875,0.117657842
2.265625,0.533614166
2.26953125,0.151137434
2.2734375,-0.778257552
2.27734375,-1.649812376
2.28125,-1.866973785
2.28515625,-1.201594912
2.2890625,0.059742115
2.29296875,1.270918784
2.296875,1.794001111
2.30078125,1.365713056
2.3046875,0.249076549
2.30859375,-0.918227907
2.3125,-1.49033403
2.31640625,-1.180910042
2.3203125,-0.218350666
2.32421875,0.800546098
2.328125,1.270780798
2.33203125,0.940601908
2.3359375,0.061381746
2.33984375,-0.76225851
2.34375,-0.933897252
2.34765625,-0.225513349
2.3515625,1.076191568
2.35546875,2.324986006
2.359375,2.882829809
2.36328125,2.486347836
2.3671875,1.398470235
2.37109375,0.256793279
2.375,-0.292893219
2.37890625,0.035674005
2.3828125,1.014039845
2.38671875,2.045354197
2.390625,2.524573928
2.39453125,2.199912356
2.3984375,1.322715268
2.40234375,0.49758601
2.40625,0.320937098
2.41015625,1.020789351
2.4140625,2.310449608
2.41796875,3.543703619
2.421875,4.082537203
2.42578125,3.663609877
2.4296875,2.549895052
2.43359375,1.379040768
2.4375,0.796896995
2.44140625,1.089795399
2.4453125,2.02935737
2.44921875,3.018817209
2.453125,3.453223902
2.45703125,3.080890383
2.4609375,2.153269318
2.46484375,1.275077938
2.46875,1.042849387
2.47265625,1.684731564
2.4765625,2.914164537
2.48046875,4.08507312
2.484375,4.559587701
2.48828125,4.074517522
2.4921875,2.892990518
2.49609375,1.652813685
2.5,1
2.50390625,1.221047796
2.5078125,2.087748388
2.51171875,3.003508862
2.515625,3.36355342
2.51953125,2.916372237
2.5234375,1.913596806
2.52734375,0.960124354
2.53125,0.652668743
2.53515625,1.21955889
2.5390625,2.374415739
2.54296875,3.471344401
2.546875,3.872654547
2.55078125,3.315333261
2.5546875,2.062684444
2.55859375,0.752688759
2.5625,0.03153013
2.56640625,0.185874708
2.5703125,0.987678084
2.57421875,1.840507685
2.578125,2.139743729
2.58203125,1.634027702
2.5859375,0.575137339
2.58984375,-0.431889321
2.59375,-0.790203368
2.59765625,-0.27134694
2.6015625,0.838423441
2.60546875,1.893328707
2.609375,2.25578736
2.61328125,1.662888044
2.6171875,0.378028716
2.62109375,-0.960723652
2.625,-1.707106781
2.62890625,-1.57438432
2.6328125,-0.790538797
2.63671875,0.04805061
2.640625,0.336808903
2.64453125,-0.175586382
2.6484375,-1.237330277
2.65234375,-2.243366408
2.65625,-2.596836477
2.66015625,-2.069282208
2.6640625,-0.946968693
2.66796875,0.124307459
2.671875,0.50693827
2.67578125,-0.062022972
2.6796875,-1.319222471
2.68359375,-2.626646121
2.6875,-3.338093095
2.69140625,-3.166896938
2.6953125,-2.341118363
2.69921875,-1.457222838
2.703125,-1.11987956
2.70703125,-1.58051288
2.7109375,-2.587427172
2.71484375,-3.535682604
2.71875,-3.828544345
2.72265625,-3.237684228
2.7265625,-2.049503791
2.73046875,-0.909942103
2.734375,-0.456755287
2.73828125,-0.953043539
2.7421875,-2.135611519
2.74609375,-3.366608187
2.75,-4
2.75390625,-3.749291619
2.7578125,-2.8427183
2.76171875,-1.876923071
2.765625,-1.456755287
2.76953125,-1.833821635
2.7734375,-2.756610572
2.77734375,-3.620367661
2.78125,-3.828544345
2.78515625,-3.152999172
2.7890625,-1.880320391
2.79296875,-0.656633348
2.796875,-0.11987956
2.80078125,-0.533343306
2.8046875,-1.634011581
2.80859375,-2.784213505
2.8125,-3.338093095
2.81640625,-3.009329553
2.8203125,-2.026329252
2.82421875,-0.985902505
2.828125,-0.49306173
2.83203125,-0.799572074
2.8359375,-1.654075474
2.83984375,-2.45196564
2.84375,-2.596836477
2.84765625,-1.860682976
2.8515625,-0.530223495
2.85546875,0.748293151
2.859375,1.336808903
2.86328125,0.971930143
2.8671875,-0.083432015
2.87109375,-1.191700887
2.875,-1.707106781
2.87890625,-1.343407084
2.8828125,-0.329078065
2.88671875,0.739008511
2.890625,1.25578736
2.89453125,0.969449175
2.8984375,0.131316659
2.90234375,-0.654030373
2.90625,-0.790203368
2.91015625,-0.049205889
2.9140625,1.28224412
2.91796875,2.557907234
2.921875,3.139743729
2.92578125,2.764387217
2.9296875,1.694784865
2.93359375,0.56855814
2.9375,0.03153013
2.94140625,0.370005326
2.9453125,1.355577663
2.94921875,2.391453728
2.953125,2.872654547
2.95703125,2.547464868
2.9609375,1.667308958
2.96484375,0.836875458
2.96875,0.652668743
2.97265625,1.342807786
2.9765625,2.620703588
2.98046875,3.840251769
2.984375,4.36355342
2.98828125,3.927388394
2.9921875,2.79485517
2.99609375,1.603731228
3,1
3.00390625,1.270130253
3.0078125,2.185883737
3.01171875,3.150637989
3.015625,3.559587701
3.01953125,3.161193587
3.0234375,2.207057755
3.02734375,1.302048131
3.03125,1.042849387
3.03515625,1.657761371
3.0390625,2.860376099
3.04296875,4.004769916
3.046875,4.453223902
3.05078125,3.942696741
3.0546875,2.736464151
3.05859375,1.472478832
3.0625,0.796896995
3.06640625,0.996357336
3.0703125,1.842788271
3.07421875,2.739730344
3.078125,3.082537203
3.08203125,2.619824086
3.0859375,1.603342827
3.08984375,0.638105919
3.09375,0.320937098
3.09765625,0.880269443
3.1015625,2.02982205
3.10546875,3.123791888
3.109375,3.524573928
3.11328125,2.96923373
3.1171875,1.721146626
3.12109375,0.418357438
3.125,-0.292893219
3.12890625,-0.125890154
3.1328125,0.691363454
3.13671875,1.562468303
3.140625,1.882829809
3.14453125,1.401106473
3.1484375,0.369084786
3.15234375,-0.608196782
3.15625,-0.933897252
3.16015625,-0.379575077
3.1640625,0.768488527
3.16796875,1.864481441
3.171875,2.270780798
3.17578125,1.72442563
3.1796875,0.488756115
3.18359375,-0.79822661
3.1875,-1.49033403
3.19140625,-1.30091134
3.1953125,-0.458030232
3.19921875,0.441833523
3.203125,0.794001111
3.20703125,0.347039251
3.2109375,-0.647364666
3.21484375,-1.584278344
3.21875,-1.866973785
3.22265625,-1.267128944
3.2265625,-0.071150771
3.23046875,1.075016966
3.234375,1.533614166
3.23828125,1.041537375
3.2421875,-0.138020607
3.24609375,-1.367210549
3.25,-2
3.25390625,-1.749893982
3.2578125,-0.845127388
3.26171875,0.117657842
3.265625,0.533614166
3.26953125,0.151137434
3.2734375,-0.778257552
3.27734375,-1.649812376
3.28125,-1.866973785
3.28515625,-1.201594912
3.2890625,0.059742115
3.29296875,1.270918784
3.296875,1.794001111
3.30078125,1.365713056
3.3046875,0.249076549
3.30859375,-0.918227907
3.3125,-1.49033403
3.31640625,-1.180910042
3.3203125,-0.218350666
3.32421875,0.800546098
3.328125,1.270780798
3.33203125,0.940601908
3.3359375,0.061381746
3.33984375,-0.76225851
3.34375,-0.933897252
3.34765625,-0.225513349
3.3515625,1.076191568
3.35546875,2.324986006
3.359375,2.882829809
3.36328125,2.486347836
3.3671875,1.398470235
3.37109375,0.256793279
3.375,-0.292893219
3.37890625,0.035674005
3.3828125,1.014039845
3.38671875,2.045354197
3.390625,2.524573928
3.39453125,2.199912356
3.3984375,1.322715268
3.40234375,0.49758601
3.40625,0.320937098
3.41015625,1.020789351
3.4140625,2.310449608
3.41796875,3.543703619
3.421875,4.082537203
3.42578125,3.663609877
3.4296875,2.549895052
3.43359375,1.379040768
3.4375,0.796896995
3.44140625,1.089795399
3.4453125,2.02935737
3.44921875,3.018817209
3.453125,3.453223902
3.45703125,3.080890383
3.4609375,2.153269318
3.46484375,1.275077938
3.46875,1.042849387
3.47265625,1.684731564
3.4765625,2.914164537
3.48046875,4.08507312
3.484375,4.559587701
3.48828125,4.074517522
3.4921875,2.892990518
3.49609375,1.652813685
3.5,1
3.50390625,1.221047796
3.5078125,2.087748388
3.51171875,3.003508862
3.515625,3.36355342
3.51953125,2.916372237
3.5234375,1.913596806
3.52734375,0.960124354
3.53125,0.652668743
3.53515625,1.21955889
3.5390625,2.374415739
3.54296875,3.471344401
3.546875,3.872654547
3.55078125,3.315333261
3.5546875,2.062684444
3.55859375,0.752688759
3.5625,0.03153013
3.56640625,0.185874708
3.5703125,0.987678084
3.57421875,1.840507685
3.578125,2.139743729
3.58203125,1.634027702
3.5859375,0.575137339
3.58984375,-0.431889321
3.59375,-0.790203368
3.59765625,-0.27134694
3.6015625,0.838423441
3.60546875,1.893328707
3.609375,2.25578736
3.61328125,1.662888044
3.6171875,0.378028716
3.62109375,-0.960723652
3.625,-1.707106781
3.62890625,-1.57438432
3.6328125,-0.790538797
3.63671875,0.04805061
3.640625,0.336808903
3.64453125,-0.175586382
3.6484375,-1.237330277
3.65234375,-2.243366408
3.65625,-2.596836477
3.66015625,-2.069282208
3.6640625,-0.946968693
3.66796875,0.124307459
3.671875,0.50693827
3.67578125,-0.062022972
3.6796875,-1.319222471
3.68359375,-2.626646121
3.6875,-3.338093095
3.69140625,-3.166896938
3.6953125,-2.341118363
3.69921875,-1.457222838
3.703125,-1.11987956
3.70703125,-1.58051288
3.7109375,-2.587427172
3.71484375,-3.535682604
3.71875,-3.828544345
3.72265625,-3.237684228
3.7265625,-2.049503791
3.73046875,-0.909942103
3.734375,-0.456755287
3.73828125,-0.953043539
3.7421875,-2.135611519
3.74609375,-3.366608187
3.75,-4
3.75390625,-3.749291619
3.7578125,-2.8427183
3.76171875,-1.876923071
3.765625,-1.456755287
3.76953125,-1.833821635
3.7734375,-2.756610572
3.77734375,-3.620367661
3.78125,-3.828544345
3.78515625,-3.152999172
3.7890625,-1.880320391
3.79296875,-0.656633348
3.796875,-0.11987956
3.80078125,-0.533343306
3.8046875,-1.634011581
3.80859375,-2.784213505
3.8125,-3.338093095
3.81640625,-3.009329553
3.8203125,-2.026329252
3.82421875,-0.985902505
3.828125,-0.49306173
3.83203125,-0.799572074
3.8359375,-1.654075474
3.83984375,-2.45196564
3.84375,-2.596836477
3.84765625,-1.860682976
3.8515625,-0.530223495
3.85546875,0.748293151
3.859375,1.336808903
3.86328125,0.971930143
3.8671875,-0.083432015
3.87109375,-1.191700887
3.875,-1.707106781
3.87890625,-1.343407084
3.8828125,-0.329078065
3.88671875,0.739008511
3.890625,1.25578736
3.89453125,0.969449175
3.8984375,0.131316659
3.90234375,-0.654030373
3.90625,-0.790203368
3.91015625,-0.049205889
3.9140625,1.28224412
3.91796875,2.557907234
3.921875,3.139743729
3.92578125,2.764387217
3.9296875,1.694784865
3.93359375,0.56855814
3.9375,0.03153013
3.94140625,0.370005326
3.9453125,1.355577663
3.94921875,2.391453728
3.953125,2.872654547
3.95703125,2.547464868
3.9609375,1.667308958
3.96484375,0.836875458
3.96875,0.652668743
3.97265625,1.342807786
3.9765625,2.620703588
3.98046875,3.840251769
3.984375,4.36355342
3.98828125,3.927388394
3.9921875,2.79485517
3.99609375,1.603731228
4,1
4.00390625,1.270130253
4.0078125,2.185883737
4.01171875,3.150637989
4.015625,3.559587701
4.01953125,3.161193587
4.0234375,2.207057755
4.02734375,1.302048131
4.03125,1.042849387
4.03515625,1.657761371
4.0390625,2.860376099
4.04296875,4.004769916
4.046875,4.453223902
4.05078125,3.942696741
4.0546875,2.736464151
4.05859375,1.472478832
4.0625,0.796896995
4.06640625,0.996357336
4.0703125,1.842788271
4.07421875,2.739730344
4.078125,3.082537203
4.08203125,2.619824086
4.0859375,1.603342827
4.08984375,0.638105919
4.09375,0.320937098
4.09765625,0.880269443
4.1015625,2.02982205
4.10546875,3.123791888
4.109375,3.524573928
4.11328125,2.96923373
4.1171875,1.721146626
4.12109375,0.418357438
4.125,-0.292893219
4.12890625,-0.125890154
4.1328125,0.691363454
4.13671875,1.562468303
4.140625,1.882829809
4.14453125,1.401106473
4.1484375,0.369084786
4.15234375,-0.608196782
4.15625,-0.933897252
4.16015625,-0.379575077
4.1640625,0.768488527
4.16796875,1.864481441
4.171875,2.270780798
4.17578125,1.72442563
4.1796875,0.488756115
4.18359375,-0.79822661
4.1875,-1.49033403
4.19140625,-1.30091134
4.1953125,-0.458030232
4.19921875,0.441833523
4.203125,0.794001111
4.20703125,0.347039251
4.2109375,-0.647364666
4.21484375,-1.584278344
4.21875,-1.866973785
4.22265625,-1.267128944
4.2265625,-0.071150771
4.23046875,1.075016966
4.234375,1.533614166
4.23828125,1.041537375
4.2421875,-0.138020607
4.24609375,-1.367210549
4.25,-2
4.25390625,-1.749893982
4.2578125,-0.845127388
4.26171875,0.117657842
4.265625,0.533614166
4.26953125,0.151137434
4.2734375,-0.778257552
4.27734375,-1.649812376
4.28125,-1.866973785
4.28515625,-1.201594912
4.2890625,0.059742115
4.29296875,1.270918784
4.296875,1.794001111
4.30078125,1.365713056
4.3046875,0.249076549
4.30859375,-0.918227907
4.3125,-1.49033403
4.31640625,-1.180910042
4.3203125,-0.218350666
4.32421875,0.800546098
4.328125,1.270780798
4.33203125,0.940601908
4.3359375,0.061381746
4.33984375,-0.76225851
4.34375,-0.933897252
4.34765625,-0.225513349
4.3515625,1.076191568
4.35546875,2.324986006
4.359375,2.882829809
4.36328125,2.486347836
4.3671875,1.398470235
4.37109375,0.256793279
4.375,-0.292893219
4.37890625,0.035674005
4.3828125,1.014039845
4.38671875,2.045354197
4.390625,2.524573928
4.39453125,2.199912356
4.3984375,1.322715268
4.40234375,0.49758601
4.40625,0.320937098
4.41015625,1.020789351
4.4140625,2.310449608
4.41796875,3.543703619
4.421875,4.082537203
4.42578125,3.663609877
4.4296875,2.549895052
4.43359375,1.379040768
4.4375,0.796896995
4.44140625,1.089795399
4.4453125,2.02935737
4.44921875,3.018817209
4.453125,3.453223902
4.45703125,3.080890383
4.4609375,2.153269318
4.46484375,1.275077938
4.46875,1.042849387
4.47265625,1.684731564
4.4765625,2.914164537
4.48046875,4.08507312
4.484375,4.559587701
4.48828125,4.074517522
4.4921875,2.892990518
4.49609375,1.652813685
4.5,1
4.50390625,1.221047796
4.5078125,2.087748388
4.51171875,3.003508862
4.515625,3.36355342
4.51953125,2.916372237
4.5234375,1.913596806
4.52734375,0.960124354
4.53125,0.652668743
4.53515625,1.21955889
4.5390625,2.374415739
4.54296875,3.471344401
4.546875,3.872654547
4.55078125,3.315333261
4.5546875,2.062684444
4.55859375,0.752688759
4.5625,0.03153013
4.56640625,0.185874708
4.5703125,0.987678084
4.57421875,1.840507685
4.578125,2.139743729
4.58203125,1.634027702
4.5859375,0.575137339
4.58984375,-0.431889321
4.59375,-0.790203368
4.59765625,-0.27134694
4.6015625,0.838423441
4.60546875,1.893328707
4.609375,2.25578736
4.61328125,1.662888044
4.6171875,0.378028716
4.62109375,-0.960723652
4.625,-1.707106781
4.62890625,-1.57438432
4.6328125,-0.790538797
4.63671875,0.04805061
4.640625,0.336808903
4.64453125,-0.175586382
4.6484375,-1.237330277
4.65234375,-2.243366408
4.65625,-2.596836477
4.66015625,-2.069282208
4.6640625,-0.946968693
4.66796875,0.124307459
4.671875,0.50693827
4.67578125,-0.062022972
4.6796875,-1.319222471
4.68359375,-2.626646121
4.6875,-3.338093095
4.69140625,-3.166896938
4.6953125,-2.341118363
4.69921875,-1.457222838
4.703125,-1.11987956
4.70703125,-1.58051288
4.7109375,-2.587427172
4.71484375,-3.535682604
4.71875,-3.828544345
4.72265625,-3.237684228
4.7265625,-2.049503791
4.73046875,-0.909942103
4.734375,-0.456755287
4.73828125,-0.953043539
4.7421875,-2.135611519
4.74609375,-3.366608187
4.75,-4
4.75390625,-3.749291619
4.7578125,-2.8427183
4.76171875,-1.876923071
4.765625,-1.456755287
4.76953125,-1.833821635
4.7734375,-2.756610572
4.77734375,-3.620367661
4.78125,-3.828544345
4.78515625,-3.152999172
4.7890625,-1.880320391
4.79296875,-0.656633348
4.796875,-0.11987956
4.80078125,-0.533343306
4.8046875,-1.634011581
4.80859375,-2.784213505
4.8125,-3.338093095
4.81640625,-3.009329553
4.8203125,-2.026329252
4.82421875,-0.985902505
4.828125,-0.49306173
4.83203125,-0.799572074
4.8359375,-1.654075474
4.83984375,-2.45196564
4.84375,-2.596836477
4.84765625,-1.860682976
4.8515625,-0.530223495
4.85546875,0.748293151
4.859375,1.336808903
4.86328125,0.971930143
4.8671875,-0.083432015
4.87109375,-1.191700887
4.875,-1.707106781
4.87890625,-1.343407084
4.8828125,-0.329078065
4.88671875,0.739008511
4.890625,1.25578736
4.89453125,0.969449175
4.8984375,0.131316659
4.90234375,-0.654030373
4.90625,-0.790203368
4.91015625,-0.049205889
4.9140625,1.28224412
4.91796875,2.557907234
4.921875,3.139743729
4.92578125,2.764387217
4.9296875,1.694784865
4.93359375,0.56855814
4.9375,0.03153013
4.94140625,0.370005326
4.9453125,1.355577663
4.94921875,2.391453728
4.953125,2.872654547
4.95703125,2.547464868
4.9609375,1.667308958
4.96484375,0.836875458
4.96875,0.652668743
4.97265625,1.342807786
4.9765625,2.620703588
4.98046875,3.840251769
4.984375,4.36355342
4.98828125,3.927388394
4.9921875,2.79485517
4.99609375,1.603731228
5,1
5.00390625,1.270130253
5.0078125,2.185883737
5.01171875,3.150637989
5.015625,3.559587701
5.01953125,3.161193587
5.0234375,2.207057755
5.02734375,1.302048131
5.03125,1.042849387
5.03515625,1.657761371
5.0390625,2.860376099
5.04296875,4.004769916
5.046875,4.453223902
5.05078125,3.942696741
5.0546875,2.736464151
5.05859375,1.472478832
5.0625,0.796896995
5.06640625,0.996357336
5.0703125,1.842788271
5.07421875,2.739730344
5.078125,3.082537203
5.08203125,2.619824086
5.0859375,1.603342827
5.08984375,0.638105919
5.09375,0.320937098
5.09765625,0.880269443
5.1015625,2.02982205
5.10546875,3.123791888
5.109375,3.524573928
5.11328125,2.96923373
5.1171875,1.721146626
5.12109375,0.418357438
5.125,-0.292893219
5.12890625,-0.125890154
5.1328125,0.691363454
5.13671875,1.562468303
5.140625,1.882829809
5.14453125,1.401106473
5.1484375,0.369084786
5.15234375,-0.608196782
5.15625,-0.933897252
5.16015625,-0.379575077
5.1640625,0.768488527
5.16796875,1.864481441
5.171875,2.270780798
5.17578125,1.72442563
5.1796875,0.488756115
5.18359375,-0.79822661
5.1875,-1.49033403
5.19140625,-1.30091134
5.1953125,-0.458030232
5.19921875,0.441833523
5.203125,0.794001111
5.20703125,0.347039251
5.2109375,-0.647364666
5.21484375,-1.584278344
5.21875,-1.866973785
5.22265625,-1.267128944
5.2265625,-0.071150771
5.23046875,1.075016966
5.234375,1.533614166
5.23828125,1.041537375
5.2421875,-0.138020607
5.24609375,-1.367210549
5.25,-2
5.25390625,-1.749893982
5.2578125,-0.845127388
5.26171875,0.117657842
5.265625,0.533614166
5.26953125,0.151137434
5.2734375,-0.778257552
5.27734375,-1.649812376
5.28125,-1.866973785
5.28515625,-1.201594912
5.2890625,0.059742115
5.29296875,1.270918784
5.296875,1.794001111
5.30078125,1.365713056
5.3046875,0.249076549
5.30859375,-0.918227907
5.3125,-1.49033403
5.31640625,-1.180910042
5.3203125,-0.218350666
5.32421875,0.800546098
5.328125,1.270780798
5.33203125,0.940601908
5.3359375,0.061381746
5.33984375,-0.76225851
5.34375,-0.933897252
5.34765625,-0.225513349
5.3515625,1.076191568
5.35546875,2.324986006
5.359375,2.882829809
5.36328125,2.486347836
5.3671875,1.398470235
5.37109375,0.256793279
5.375,-0.292893219
5.37890625,0.035674005
5.3828125,1.014039845
5.38671875,2.045354197
5.390625,2.524573928
5.39453125,2.199912356
5.3984375,1.322715268
5.40234375,0.49758601
5.40625,0.320937098
5.41015625,1.020789351
5.4140625,2.310449608
5.41796875,3.543703619
5.421875,4.082537203
5.42578125,3.663609877
5.4296875,2.549895052
5.43359375,1.379040768
5.4375,0.796896995
5.44140625,1.089795399
5.4453125,2.02935737
5.44921875,3.018817209
5.453125,3.453223902
5.45703125,3.080890383
5.4609375,2.153269318
5.46484375,1.275077938
5.46875,1.042849387
5.47265625,1.684731564
5.4765625,2.914164537
5.48046875,4.08507312
5.484375,4.559587701
5.48828125,4.074517522
5.4921875,2.892990518
5.49609375,1.652813685
5.5,1
5.50390625,1.221047796
5.5078125,2.087748388
5.51171875,3.003508862
5.515625,3.36355342
5.51953125,2.916372237
5.5234375,1.913596806
5.52734375,0.960124354
5.53125,0.652668743
5.53515625,1.21955889
5.5390625,2.374415739
5.54296875,3.471344401
5.546875,3.872654547
5.55078125,3.315333261
5.5546875,2.062684444
5.55859375,0.752688759
5.5625,0.03153013
5.56640625,0.185874708
5.5703125,0.987678084
5.57421875,1.840507685
5.578125,2.139743729
5.58203125,1.634027702
5.5859375,0.575137339
5.58984375,-0.431889321
5.59375,-0.790203368
5.59765625,-0.27134694
5.6015625,0.838423441
5.60546875,1.893328707
5.609375,2.25578736
5.61328125,1.662888044
5.6171875,0.378028716
5.62109375,-0.960723652
5.625,-1.707106781
5.62890625,-1.57438432
5.6328125,-0.790538797
5.63671875,0.04805061
5.640625,0.336808903
5.64453125,-0.175586382
5.6484375,-1.237330277
5.65234375,-2.243366408
5.65625,-2.596836477
5.66015625,-2.069282208
5.6640625,-0.946968693
5.66796875,0.124307459
5.671875,0.50693827
5.67578125,-0.062022972
5.6796875,-1.319222471
5.68359375,-2.626646121
5.6875,-3.338093095
5.69140625,-3.166896938
5.6953125,-2.341118363
5.69921875,-1.457222838
5.703125,-1.11987956
5.70703125,-1.58051288
5.7109375,-2.587427172
5.71484375,-3.535682604
5.71875,-3.828544345
5.72265625,-3.237684228
5.7265625,-2.049503791
5.73046875,-0.909942103
5.734375,-0.456755287
5.73828125,-0.953043539
5.7421875,-2.135611519
5.74609375,-3.366608187
5.75,-4
5.75390625,-3.749291619
5.7578125,-2.8427183
5.76171875,-1.876923071
5.765625,-1.456755287
5.76953125,-1.833821635
5.7734375,-2.756610572
5.77734375,-3.620367661
5.78125,-3.828544345
5.78515625,-3.152999172
5.7890625,-1.880320391
5.79296875,-0.656633348
5.796875,-0.11987956
5.80078125,-0.533343306
5.8046875,-1.634011581
5.80859375,-2.784213505
5.8125,-3.338093095
5.81640625,-3.009329553
5.8203125,-2.026329252
5.82421875,-0.985902505
5.828125,-0.49306173
5.83203125,-0.799572074
5.8359375,-1.654075474
5.83984375,-2.45196564
5.84375,-2.596836477
5.84765625,-1.860682976
5.8515625,-0.530223495
5.85546875,0.748293151
5.859375,1.336808903
5.86328125,0.971930143
5.8671875,-0.083432015
5.87109375,-1.191700887
5.875,-1.707106781
5.87890625,-1.343407084
5.8828125,-0.329078065
5.88671875,0.739008511
5.890625,1.25578736
5.89453125,0.969449175
5.8984375,0.131316659
5.90234375,-0.654030373
5.90625,-0.790203368
5.91015625,-0.049205889
5.9140625,1.28224412
5.91796875,2.557907234
5.921875,3.139743729
5.92578125,2.764387217
5.9296875,1.694784865
5.93359375,0.56855814
5.9375,0.03153013
5.94140625,0.370005326
5.9453125,1.355577663
5.94921875,2.391453728
5.953125,2.872654547
5.95703125,2.547464868
5.9609375,1.667308958
5.96484375,0.836875458
5.96875,0.652668743
5.97265625,1.342807786
5.9765625,2.620703588
5.98046875,3.840251769
5.984375,4.36355342
5.98828125,3.927388394
5.9921875,2.79485517
5.99609375,1.603731228
6,1
6.00390625,1.270130253
6.0078125,2.185883737
6.01171875,3.150637989
6.015625,3.559587701
6.01953125,3.161193587
6.0234375,2.207057755
6.02734375,1.302048131
6.03125,1.042849387
6.03515625,1.657761371
6.0390625,2.860376099
6.04296875,4.004769916
6.046875,4.453223902
6.05078125,3.942696741
6.0546875,2.736464151
6.05859375,1.472478832
6.0625,0.796896995
6.06640625,0.996357336
6.0703125,1.842788271
6.07421875,2.739730344
6.078125,3.082537203
6.08203125,2.619824086
6.0859375,1.603342827
6.08984375,0.638105919
6.09375,0.320937098
6.09765625,0.880269443
6.1015625,2.02982205
6.10546875,3.123791888
6.109375,3.524573928
6.11328125,2.96923373
6.1171875,1.721146626
6.12109375,0.418357438
6.125,-0.292893219
6.12890625,-0.125890154
6.1328125,0.691363454
6.13671875,1.562468303
6.140625,1.882829809
6.14453125,1.401106473
6.1484375,0.369084786
6.15234375,-0.608196782
6.15625,-0.933897252
6.16015625,-0.379575077
6.1640625,0.768488527
6.16796875,1.864481441
6.171875,2.270780798
6.17578125,1.72442563
6.1796875,0.488756115
6.18359375,-0.79822661
6.1875,-1.49033403
6.19140625,-1.30091134
6.1953125,-0.458030232
6.19921875,0.441833523
6.203125,0.794001111
6.20703125,0.347039251
6.2109375,-0.647364666
6.21484375,-1.584278344
6.21875,-1.866973785
6.22265625,-1.267128944
6.2265625,-0.071150771
6.23046875,1.075016966
6.234375,1.533614166
6.23828125,1.041537375
6.2421875,-0.138020607
6.24609375,-1.367210549
6.25,-2
6.25390625,-1.749893982
6.2578125,-0.845127388
6.26171875,0.117657842
6.265625,0.533614166
6.26953125,0.151137434
6.2734375,-0.778257552
6.27734375,-1.649812376
6.28125,-1.866973785
6.28515625,-1.201594912
6.2890625,0.059742115
6.29296875,1.270918784
6.296875,1.794001111
6.30078125,1.365713056
6.3046875,0.249076549
6.30859375,-0.918227907
6.3125,-1.49033403
6.31640625,-1.180910042
6.3203125,-0.218350666
6.32421875,0.800546098
6.328125,1.270780798
6.33203125,0.940601908
6.3359375,0.061381746
6.33984375,-0.76225851
6.34375,-0.933897252
6.34765625,-0.225513349
6.3515625,1.076191568
6.35546875,2.324986006
6.359375,2.882829809
6.36328125,2.486347836
6.3671875,1.398470235
6.37109375,0.256793279
6.375,-0.292893219
6.37890625,0.035674005
6.3828125,1.014039845
6.38671875,2.045354197
6.390625,2.524573928
6.39453125,2.199912356
6.3984375,1.322715268
6.40234375,0.49758601
6.40625,0.320937098
6.41015625,1.020789351
6.4140625,2.310449608
6.41796875,3.543703619
6.421875,4.082537203
6.42578125,3.663609877
6.4296875,2.549895052
6.43359375,1.379040768
6.4375,0.796896995
6.44140625,1.089795399
6.4453125,2.02935737
6.44921875,3.018817209
6.453125,3.453223902
6.45703125,3.080890383
6.4609375,2.153269318
6.46484375,1.275077938
6.46875,1.042849387
6.47265625,1.684731564
6.4765625,2.914164537
6.48046875,4.08507312
6.484375,4.559587701
6.48828125,4.074517522
6.4921875,2.892990518
6.49609375,1.652813685
6.5,1
6.50390625,1.221047796
6.5078125,2.087748388
6.51171875,3.003508862
6.515625,3.36355342
6.51953125,2.916372237
6.5234375,1.913596806
6.52734375,0.960124354
6.53125,0.652668743
6.53515625,1.21955889
6.5390625,2.374415739
6.54296875,3.471344401
6.546875,3.872654547
6.55078125,3.315333261
6.5546875,2.062684444
6.55859375,0.752688759
6.5625,0.03153013
6.56640625,0.185874708
6.5703125,0.987678084
6.57421875,1.840507685
6.578125,2.139743729
6.58203125,1.634027702
6.5859375,0.575137339
6.58984375,-0.431889321
6.59375,-0.790203368
6.59765625,-0.27134694
6.6015625,0.838423441
6.60546875,1.893328707
6.609375,2.25578736
6.61328125,1.662888044
6.6171875,0.378028716
6.62109375,-0.960723652
6.625,-1.707106781
6.62890625,-1.57438432
6.6328125,-0.790538797
6.63671875,0.04805061
6.640625,0.336808903
6.64453125,-0.175586382
6.6484375,-1.237330277
6.65234375,-2.243366408
6.65625,-2.596836477
6.66015625,-2.069282208
6.6640625,-0.946968693
6.66796875,0.124307459
6.671875,0.50693827
6.67578125,-0.062022972
6.6796875,-1.319222471
6.68359375,-2.626646121
6.6875,-3.338093095
6.69140625,-3.166896938
6.6953125,-2.341118363
6.69921875,-1.457222838
6.703125,-1.11987956
6.70703125,-1.58051288
6.7109375,-2.587427172
6.71484375,-3.535682604
6.71875,-3.828544345
6.72265625,-3.237684228
6.7265625,-2.049503791
6.73046875,-0.909942103
6.734375,-0.456755287
6.73828125,-0.953043539
6.7421875,-2.135611519
6.74609375,-3.366608187
6.75,-4
6.75390625,-3.749291619
6.7578125,-2.8427183
6.76171875,-1.876923071
6.765625,-1.456755287
6.76953125,-1.833821635
6.7734375,-2.756610572
6.77734375,-3.620367661
6.78125,-3.828544345
6.78515625,-3.152999172
6.7890625,-1.880320391
6.79296875,-0.656633348
6.796875,-0.11987956
6.80078125,-0.533343306
6.8046875,-1.634011581
6.80859375,-2.784213505
6.8125,-3.338093095
6.81640625,-3.009329553
6.8203125,-2.026329252
6.82421875,-0.985902505
6.828125,-0.49306173
6.83203125,-0.799572074
6.8359375,-1.654075474
6.83984375,-2.45196564
6.84375,-2.596836477
6.84765625,-1.860682976
6.8515625,-0.530223495
6.85546875,0.748293151
6.859375,1.336808903
6.86328125,0.971930143
6.8671875,-0.083432015
6.87109375,-1.191700887
6.875,-1.707106781
6.87890625,-1.343407084
6.8828125,-0.329078065
6.88671875,0.739008511
6.890625,1.25578736
6.89453125,0.969449175
6.8984375,0.131316659
6.90234375,-0.654030373
6.90625,-0.790203368
6.91015625,-0.049205889
6.9140625,1.28224412
6.91796875,2.557907234
6.921875,3.139743729
6.92578125,2.764387217
6.9296875,1.694784865
6.93359375,0.56855814
6.9375,0.03153013
6.94140625,0.370005326
6.9453125,1.355577663
6.94921875,2.391453728
6.953125,2.872654547
6.95703125,2.547464868
6.9609375,1.667308958
6.96484375,0.836875458
6.96875,0.652668743
6.97265625,1.342807786
6.9765625,2.620703588
6.98046875,3.840251769
6.984375,4.36355342
6.98828125,3.927388394
6.9921875,2.79485517
6.99609375,1.603731228
7,1
7.00390625,1.270130253
7.0078125,2.185883737
7.01171875,3.150637989
7.015625,3.559587701
7.01953125,3.161193587
7.0234375,2.207057755
7.02734375,1.302048131
7.03125,1.042849387
7.03515625,1.657761371
7.0390625,2.860376099
7.04296875,4.004769916
7.046875,4.453223902
7.05078125,3.942696741
7.0546875,2.736464151
7.05859375,1.472478832
7.0625,0.796896995
7.06640625,0.996357336
7.0703125,1.842788271
7.07421875,2.739730344
7.078125,3.082537203
7.08203125,2.619824086
7.0859375,1.603342827
7.08984375,0.638105919
7.09375,0.320937098
7.09765625,0.880269443
7.1015625,2.02982205
7.10546875,3.123791888
7.109375,3.524573928
7.11328125,2.96923373
7.1171875,1.721146626
7.12109375,0.418357438
7.125,-0.292893219
7.12890625,-0.125890154
7.1328125,0.691363454
7.13671875,1.562468303
7.140625,1.882829809
7.14453125,1.401106473
7.1484375,0.369084786
7.15234375,-0.608196782
7.15625,-0.933897252
7.16015625,-0.379575077
7.1640625,0.768488527
7.16796875,1.864481441
7.171875,2.270780798
7.17578125,1.72442563
7.1796875,0.488756115
7.18359375,-0.79822661
7.1875,-1.49033403
7.19140625,-1.30091134
7.1953125,-0.458030232
7.19921875,0.441833523
7.203125,0.794001111
7.20703125,0.347039251
7.2109375,-0.647364666
7.21484375,-1.584278344
7.21875,-1.866973785
7.22265625,-1.267128944
7.2265625,-0.071150771
7.23046875,1.075016966
7.234375,1.533614166
7.23828125,1.041537375
7.2421875,-0.138020607
7.24609375,-1.367210549
7.25,-2
7.25390625,-1.749893982
7.2578125,-0.845127388
7.26171875,0.117657842
7.265625,0.533614166
7.26953125,0.151137434
7.2734375,-0.778257552
7.27734375,-1.649812376
7.28125,-1.866973785
7.28515625,-1.201594912
7.2890625,0.059742115
7.29296875,1.270918784
7.296875,1.794001111
7.30078125,1.365713056
7.3046875,0.249076549
7.30859375,-0.918227907
7.3125,-1.49033403
7.31640625,-1.180910042
7.3203125,-0.218350666
7.32421875,0.800546098
7.328125,1.270780798
7.33203125,0.940601908
7.3359375,0.061381746
7.33984375,-0.76225851
7.34375,-0.933897252
7.34765625,-0.225513349
7.3515625,1.076191568
7.35546875,2.324986006
7.359375,2.882829809
7.36328125,2.486347836
7.3671875,1.398470235
7.37109375,0.256793279
7.375,-0.292893219
7.37890625,0.035674005
7.3828125,1.014039845
7.38671875,2.045354197
7.390625,2.524573928
7.39453125,2.199912356
7.3984375,1.322715268
7.40234375,0.49758601
7.40625,0.320937098
7.41015625,1.020789351
7.4140625,2.310449608
7.41796875,3.543703619
7.421875,4.082537203
7.42578125,3.663609877
7.4296875,2.549895052
7.43359375,1.379040768
7.4375,0.796896995
7.44140625,1.089795399
7.4453125,2.02935737
7.44921875,3.018817209
7.453125,3.453223902
7.45703125,3.080890383
7.4609375,2.153269318
7.46484375,1.275077938
7.46875,1.042849387
7.47265625,1.684731564
7.4765625,2.914164537
7.48046875,4.08507312
7.484375,4.559587701
7.48828125,4.074517522
7.4921875,2.892990518
7.49609375,1.652813685
7.5,1
7.50390625,1.221047796
7.5078125,2.087748388
7.51171875,3.003508862
7.515625,3.36355342
7.51953125,2.916372237
7.5234375,1.913596806
7.52734375,0.960124354
7.53125,0.652668743
7.53515625,1.21955889
7.5390625,2.374415739
7.54296875,3.471344401
7.546875,3.872654547
7.55078125,3.315333261
7.5546875,2.062684444
7.55859375,0.752688759
7.5625,0.03153013
7.56640625,0.185874708
7.5703125,0.987678084
7.57421875,1.840507685
7.578125,2.139743729
7.58203125,1.634027702
7.5859375,0.575137339
7.58984375,-0.431889321
7.59375,-0.790203368
7.59765625,-0.27134694
7.6015625,0.838423441
7.60546875,1.893328707
7.609375,2.25578736
7.61328125,1.662888044
7.6171875,0.378028716
7.62109375,-0.960723652
7.625,-1.707106781
7.62890625,-1.57438432
7.6328125,-0.790538797
7.63671875,0.04805061
7.640625,0.336808903
7.64453125,-0.175586382
7.6484375,-1.237330277
7.65234375,-2.243366408
7.65625,-2.596836477
7.66015625,-2.069282208
7.6640625,-0.946968693
7.66796875,0.124307459
7.671875,0.50693827
7.67578125,-0.062022972
7.6796875,-1.319222471
7.68359375,-2.626646121
7.6875,-3.338093095
7.69140625,-3.166896938
7.6953125,-2.341118363
7.69921875,-1.457222838
7.703125,-1.11987956
7.70703125,-1.58051288
7.7109375,-2.587427172
7.71484375,-3.535682604
7.71875,-3.828544345
7.72265625,-3.237684228
7.7265625,-2.049503791
7.73046875,-0.909942103
7.734375,-0.456755287
7.73828125,-0.953043539
7.7421875,-2.135611519
7.74609375,-3.366608187
7.75,-4
7.75390625,-3.749291619
7.7578125,-2.8427183
7.76171875,-1.876923071
7.765625,-1.456755287
7.76953125,-1.833821635
7.7734375,-2.756610572
7.77734375,-3.620367661
7.78125,-3.828544345
7.78515625,-3.152999172
7.7890625,-1.880320391
7.79296875,-0.656633348
7.796875,-0.11987956
7.80078125,-0.533343306
7.8046875,-1.634011581
7.80859375,-2.784213505
7.8125,-3.338093095
7.81640625,-3.009329553
7.8203125,-2.026329252
7.82421875,-0.985902505
7.828125,-0.49306173
7.83203125,-0.799572074
7.8359375,-1.654075474
7.83984375,-2.45196564
7.84375,-2.596836477
7.84765625,-1.860682976
7.8515625,-0.530223495
7.85546875,0.748293151
7.859375,1.336808903
7.86328125,0.971930143
7.8671875,-0.083432015
7.87109375,-1.191700887
7.875,-1.707106781
7.87890625,-1.343407084
7.8828125,-0.329078065
7.88671875,0.739008511
7.890625,1.25578736
7.89453125,0.969449175
7.8984375,0.131316659
7.90234375,-0.654030373
7.90625,-0.790203368
7.91015625,-0.049205889
7.9140625,1.28224412
7.91796875,2.557907234
7.921875,3.139743729
7.92578125,2.764387217
7.9296875,1.694784865
7.93359375,0.56855814
7.9375,0.03153013
7.94140625,0.370005326
7.9453125,1.355577663
7.94921875,2.391453728
7.953125,2.872654547
7.95703125,2.547464868
7.9609375,1.667308958
7.96484375,0.836875458
7.96875,0.652668743
7.97265625,1.342807786
7.9765625,2.620703588
7.98046875,3.840251769
7.984375,4.36355342
7.98828125,3.927388394
7.9921875,2.79485517
7.99609375,1.603731228
8,1
8.00390625,1.270130253
8.0078125,2.185883737
8.01171875,3.150637989
8.015625,3.559587701
8.01953125,3.161193587
8.0234375,2.207057755
8.02734375,1.302048131
8.03125,1.042849387
8.03515625,1.657761371
8.0390625,2.860376099
8.04296875,4.004769916
8.046875,4.453223902
8.05078125,3.942696741
8.0546875,2.736464151
8.05859375,1.472478832
8.0625,0.796896995
8.06640625,0.996357336
8.0703125,1.842788271
8.07421875,2.739730344
8.078125,3.082537203
8.08203125,2.619824086
8.0859375,1.603342827
8.08984375,0.638105919
8.09375,0.320937098
8.09765625,0.880269443
8.1015625,2.02982205
8.10546875,3.123791888
8.109375,3.524573928
8.11328125,2.96923373
8.1171875,1.721146626
8.12109375,0.418357438
8.125,-0.292893219
8.12890625,-0.125890154
8.1328125,0.691363454
8.13671875,1.562468303
8.140625,1.882829809
8.14453125,1.401106473
8.1484375,0.369084786
8.15234375,-0.608196782
8.15625,-0.933897252
8.16015625,-0.379575077
8.1640625,0.768488527
8.16796875,1.864481441
8.171875,2.270780798
8.17578125,1.72442563
8.1796875,0.488756115
8.18359375,-0.79822661
8.1875,-1.49033403
8.19140625,-1.30091134
8.1953125,-0.458030232
8.19921875,0.441833523
8.203125,0.794001111
8.20703125,0.347039251
8.2109375,-0.647364666
8.21484375,-1.584278344
8.21875,-1.866973785
8.22265625,-1.267128944
8.2265625,-0.071150771
8.23046875,1.075016966
8.234375,1.533614166
8.23828125,1.041537375
8.2421875,-0.138020607
8.24609375,-1.367210549
8.25,-2
8.25390625,-1.749893982
8.2578125,-0.845127388
8.26171875,0.117657842
8.265625,0.533614166
8.26953125,0.151137434
8.2734375,-0.778257552
8.27734375,-1.649812376
8.28125,-1.866973785
8.28515625,-1.201594912
8.2890625,0.059742115
8.29296875,1.270918784
8.296875,1.794001111
8.30078125,1.365713056
8.3046875,0.249076549
8.30859375,-0.918227907
8.3125,-1.49033403
8.31640625,-1.180910042
8.3203125,-0.218350666
8.32421875,0.800546098
8.328125,1.270780798
8.33203125,0.940601908
8.3359375,0.061381746
8.33984375,-0.76225851
8.34375,-0.933897252
8.34765625,-0.225513349
8.3515625,1.076191568
8.35546875,2.324986006
8.359375,2.882829809
8.36328125,2.486347836
8.3671875,1.398470235
8.37109375,0.256793279
8.375,-0.292893219
8.37890625,0.035674005
8.3828125,1.014039845
8.38671875,2.045354197
8.390625,2.524573928
8.39453125,2.199912356
8.3984375,1.322715268
8.40234375,0.49758601
8.40625,0.320937098
8.41015625,1.020789351
8.4140625,2.310449608
8.41796875,3.543703619
8.421875,4.082537203
8.42578125,3.663609877
8.4296875,2.549895052
8.43359375,1.379040768
8.4375,0.796896995
8.44140625,1.089795399
8.4453125,2.02935737
8.44921875,3.018817209
8.453125,3.453223902
8.45703125,3.080890383
8.4609375,2.153269318
8.46484375,1.275077938
8.46875,1.042849387
8.47265625,1.684731564
8.4765625,2.914164537
8.48046875,4.08507312
8.484375,4.559587701
8.48828125,4.074517522
8.4921875,2.892990518
8.49609375,1.652813685
8.5,1
8.50390625,1.221047796
8.5078125,2.087748388
8.51171875,3.003508862
8.515625,3.36355342
8.51953125,2.916372237
8.5234375,1.913596806
8.52734375,0.960124354
8.53125,0.652668743
8.53515625,1.21955889
8.5390625,2.374415739
8.54296875,3.471344401
8.546875,3.872654547
8.55078125,3.315333261
8.5546875,2.062684444
8.55859375,0.752688759
8.5625,0.03153013
8.56640625,0.185874708
8.5703125,0.987678084
8.57421875,1.840507685
8.578125,2.139743729
8.58203125,1.634027702
8.5859375,0.575137339
8.58984375,-0.431889321
8.59375,-0.790203368
8.59765625,-0.27134694
8.6015625,0.838423441
8.60546875,1.893328707
8.609375,2.25578736
8.61328125,1.662888044
8.6171875,0.378028716
8.62109375,-0.960723652
8.625,-1.707106781
8.62890625,-1.57438432
8.6328125,-0.790538797
8.63671875,0.04805061
8.640625,0.336808903
8.64453125,-0.175586382
8.6484375,-1.237330277
8.65234375,-2.243366408
8.65625,-2.596836477
8.66015625,-2.069282208
8.6640625,-0.946968693
8.66796875,0.124307459
8.671875,0.50693827
8.67578125,-0.062022972
8.6796875,-1.319222471
8.68359375,-2.626646121
8.6875,-3.338093095
8.69140625,-3.166896938
8.6953125,-2.341118363
8.69921875,-1.457222838
8.703125,-1.11987956
8.70703125,-1.58051288
8.7109375,-2.587427172
8.71484375,-3.535682604
8.71875,-3.828544345
8.72265625,-3.237684228
8.7265625,-2.049503791
8.73046875,-0.909942103
8.734375,-0.456755287
8.73828125,-0.953043539
8.7421875,-2.135611519
8.74609375,-3.366608187
8.75,-4
8.75390625,-3.749291619
8.7578125,-2.8427183
8.76171875,-1.876923071
8.765625,-1.456755287
8.76953125,-1.833821635
8.7734375,-2.756610572
8.77734375,-3.620367661
8.78125,-3.828544345
8.78515625,-3.152999172
8.7890625,-1.880320391
8.79296875,-0.656633348
8.796875,-0.11987956
8.80078125,-0.533343306
8.8046875,-1.634011581
8.80859375,-2.784213505
8.8125,-3.338093095
8.81640625,-3.009329553
8.8203125,-2.026329252
8.82421875,-0.985902505
8.828125,-0.49306173
8.83203125,-0.799572074
8.8359375,-1.654075474
8.83984375,-2.45196564
8.84375,-2.596836477
8.84765625,-1.860682976
8.8515625,-0.530223495
8.85546875,0.748293151
8.859375,1.336808903
8.86328125,0.971930143
8.8671875,-0.083432015
8.87109375,-1.191700887
8.875,-1.707106781
8.87890625,-1.343407084
8.8828125,-0.329078065
8.88671875,0.739008511
8.890625,1.25578736
8.89453125,0.969449175
8.8984375,0.131316659
8.90234375,-0.654030373
8.90625,-0.790203368
8.91015625,-0.049205889
8.9140625,1.28224412
8.91796875,2.557907234
8.921875,3.139743729
8.92578125,2.764387217
8.9296875,1.694784865
8.93359375,0.56855814
8.9375,0.03153013
8.94140625,0.370005326
8.9453125,1.355577663
8.94921875,2.391453728
8.953125,2.872654547
8.95703125,2.547464868
8.9609375,1.667308958
8.96484375,0.836875458
8.96875,0.652668743
8.97265625,1.342807786
8.9765625,2.620703588
8.98046875,3.840251769
8.984375,4.36355342
8.98828125,3.927388394
8.9921875,2.79485517
8.99609375,1.603731228
9,1
9.00390625,1.270130253
9.0078125,2.185883737
9.01171875,3.150637989
9.015625,3.559587701
9.01953125,3.161193587
9.0234375,2.207057755
9.02734375,1.302048131
9.03125,1.042849387
9.03515625,1.657761371
9.0390625,2.860376099
9.04296875,4.004769916
9.046875,4.453223902
9.05078125,3.942696741
9.0546875,2.736464151
9.05859375,1.472478832
9.0625,0.796896995
9.06640625,0.996357336
9.0703125,1.842788271
9.07421875,2.739730344
9.078125,3.082537203
9.08203125,2.619824086
9.0859375,1.603342827
9.08984375,0.638105919
9.09375,0.320937098
9.09765625,0.880269443
9.1015625,2.02982205
9.10546875,3.123791888
9.109375,3.524573928
9.11328125,2.96923373
9.1171875,1.721146626
9.12109375,0.418357438
9.125,-0.292893219
9.12890625,-0.125890154
9.1328125,0.691363454
9.13671875,1.562468303
9.140625,1.882829809
9.14453125,1.401106473
9.1484375,0.369084786
9.15234375,-0.608196782
9.15625,-0.933897252
9.16015625,-0.379575077
9.1640625,0.768488527
9.16796875,1.864481441
9.171875,2.270780798
9.17578125,1.72442563
9.1796875,0.488756115
9.18359375,-0.79822661
9.1875,-1.49033403
9.19140625,-1.30091134
9.1953125,-0.458030232
9.19921875,0.441833523
9.203125,0.794001111
9.20703125,0.347039251
9.2109375,-0.647364666
9.21484375,-1.584278344
9.21875,-1.866973785
9.22265625,-1.267128944
9.2265625,-0.071150771
9.23046875,1.075016966
9.234375,1.533614166
9.23828125,1.041537375
9.2421875,-0.138020607
9.24609375,-1.367210549
9.25,-2
9.25390625,-1.749893982
9.2578125,-0.845127388
9.26171875,0.117657842
9.265625,0.533614166
9.26953125,0.151137434
9.2734375,-0.778257552
9.27734375,-1.649812376
9.28125,-1.866973785
9.28515625,-1.201594912
9.2890625,0.059742115
9.29296875,1.270918784
9.296875,1.794001111
9.30078125,1.365713056
9.3046875,0.249076549
9.30859375,-0.918227907
9.3125,-1.49033403
9.31640625,-1.180910042
9.3203125,-0.218350666
9.32421875,0.800546098
9.328125,1.270780798
9.33203125,0.940601908
9.3359375,0.061381746
9.33984375,-0.76225851
9.34375,-0.933897252
9.34765625,-0.225513349
9.3515625,1.076191568
9.35546875,2.324986006
9.359375,2.882829809
9.36328125,2.486347836
9.3671875,1.398470235
9.37109375,0.256793279
9.375,-0.292893219
9.37890625,0.035674005
9.3828125,1.014039845
9.38671875,2.045354197
9.390625,2.524573928
9.39453125,2.199912356
9.3984375,1.322715268
9.40234375,0.49758601
9.40625,0.320937098
9.41015625,1.020789351
9.4140625,2.310449608
9.41796875,3.543703619
9.421875,4.082537203
9.42578125,3.663609877
9.4296875,2.549895052
9.43359375,1.379040768
9.4375,0.796896995
9.44140625,1.089795399
9.4453125,2.02935737
9.44921875,3.018817209
9.453125,3.453223902
9.45703125,3.080890383
9.4609375,2.153269318
9.46484375,1.275077938
9.46875,1.042849387
9.47265625,1.684731564
9.4765625,2.914164537
9.48046875,4.08507312
9.484375,4.559587701
9.48828125,4.074517522
9.4921875,2.892990518
9.49609375,1.652813685
9.5,1
9.50390625,1.221047796
9.5078125,2.087748388
9.51171875,3.003508862
9.515625,3.36355342
9.51953125,2.916372237
9.5234375,1.913596806
9.52734375,0.960124354
9.53125,0.652668743
9.53515625,1.21955889
9.5390625,2.374415739
9.54296875,3.471344401
9.546875,3.872654547
9.55078125,3.315333261
9.5546875,2.062684444
9.55859375,0.752688759
9.5625,0.03153013
9.56640625,0.185874708
9.5703125,0.987678084
9.57421875,1.840507685
9.578125,2.139743729
9.58203125,1.634027702
9.5859375,0.575137339
9.58984375,-0.431889321
9.59375,-0.790203368
9.59765625,-0.27134694
9.6015625,0.838423441
9.60546875,1.893328707
9.609375,2.25578736
9.61328125,1.662888044
9.6171875,0.378028716
9.62109375,-0.960723652
9.625,-1.707106781
9.62890625,-1.57438432
9.6328125,-0.790538797
9.63671875,0.04805061
9.640625,0.336808903
9.64453125,-0.175586382
9.6484375,-1.237330277
9.65234375,-2.243366408
9.65625,-2.596836477
9.66015625,-2.069282208
9.6640625,-0.946968693
9.66796875,0.124307459
9.671875,0.50693827
9.67578125,-0.062022972
9.6796875,-1.319222471
9.68359375,-2.626646121
9.6875,-3.338093095
9.69140625,-3.166896938
9.6953125,-2.341118363
9.69921875,-1.457222838
9.703125,-1.11987956
9.70703125,-1.58051288
9.7109375,-2.587427172
9.71484375,-3.535682604
9.71875,-3.828544345
9.72265625,-3.237684228
9.7265625,-2.049503791
9.73046875,-0.909942103
9.734375,-0.456755287
9.73828125,-0.953043539
9.7421875,-2.135611519
9.74609375,-3.366608187
9.75,-4
9.75390625,-3.749291619
9.7578125,-2.8427183
9.76171875,-1.876923071
9.765625,-1.456755287
9.76953125,-1.833821635
9.7734375,-2.756610572
9.77734375,-3.620367661
9.78125,-3.828544345
9.78515625,-3.152999172
9.7890625,-1.880320391
9.79296875,-0.656633348
9.796875,-0.11987956
9.80078125,-0.533343306
9.8046875,-1.634011581
9.80859375,-2.784213505
9.8125,-3.338093095
9.81640625,-3.009329553
9.8203125,-2.026329252
9.82421875,-0.985902505
9.828125,-0.49306173
9.83203125,-0.799572074
9.8359375,-1.654075474
9.83984375,-2.45196564
9.84375,-2.596836477
9.84765625,-1.860682976
9.8515625,-0.530223495
9.85546875,0.748293151
9.859375,1.336808903
9.86328125,0.971930143
9.8671875,-0.083432015
9.87109375,-1.191700887
9.875,-1.707106781
9.87890625,-1.343407084
9.8828125,-0.329078065
9.88671875,0.739008511
9.890625,1.25578736
9.89453125,0.969449175
9.8984375,0.131316659
9.90234375,-0.654030373
9.90625,-0.790203368
9.91015625,-0.049205889
9.9140625,1.28224412
9.91796875,2.557907234
9.921875,3.139743729
9.92578125,2.764387217
9.9296875,1.694784865
9.93359375,0.56855814
9.9375,0.03153013
9.94140625,0.370005326
9.9453125,1.355577663
9.94921875,2.391453728
9.953125,2.872654547
9.95703125,2.547464868
9.9609375,1.667308958
9.96484375,0.836875458
9.96875,0.652668743
9.97265625,1.342807786
9.9765625,2.620703588
9.98046875,3.840251769
9.984375,4.36355342
9.98828125,3.927388394
9.9921875,2.79485517
9.99609375,1.603731228
10,1
10.00390625,1.270130253
10.0078125,2.185883737
10.01171875,3.150637989
10.015625,3.559587701
10.01953125,3.161193587
10.0234375,2.207057755
10.02734375,1.302048131
10.03125,1.042849387
10.03515625,1.657761371
10.0390625,2.860376099
10.04296875,4.004769916
10.046875,4.453223902
10.05078125,3.942696741
10.0546875,2.736464151
10.05859375,1.472478832
10.0625,0.796896995
10.06640625,0.996357336
10.0703125,1.842788271
10.07421875,2.739730344
10.078125,3.082537203
10.08203125,2.619824086
10.0859375,1.603342827
10.08984375,0.638105919
10.09375,0.320937098
10.09765625,0.880269443
10.1015625,2.02982205
10.10546875,3.123791888
10.109375,3.524573928
10.11328125,2.96923373
10.1171875,1.721146626
10.12109375,0.418357438
10.125,-0.292893219
10.12890625,-0.125890154
10.1328125,0.691363454
10.13671875,1.562468303
10.140625,1.882829809
10.14453125,1.401106473
10.1484375,0.369084786
10.15234375,-0.608196782
10.15625,-0.933897252
10.16015625,-0.379575077
10.1640625,0.768488527
10.16796875,1.864481441
10.171875,2.270780798
10.17578125,1.72442563
10.1796875,0.488756115
10.18359375,-0.79822661
10.1875,-1.49033403
10.19140625,-1.30091134
10.1953125,-0.458030232
10.19921875,0.441833523
10.203125,0.794001111
10.20703125,0.347039251
10.2109375,-0.647364666
10.21484375,-1.584278344
10.21875,-1.866973785
10.22265625,-1.267128944
10.2265625,-0.071150771
10.23046875,1.075016966
10.234375,1.533614166
10.23828125,1.041537375
10.2421875,-0.138020607
10.24609375,-1.367210549
10.25,-2
10.25390625,-1.749893982
10.2578125,-0.845127388
10.26171875,0.117657842
10.265625,0.533614166
10.26953125,0.151137434
10.2734375,-0.778257552
10.27734375,-1.649812376
10.28125,-1.866973785
10.28515625,-1.201594912
10.2890625,0.059742115
10.29296875,1.270918784
10.296875,1.794001111
10.30078125,1.365713056
10.3046875,0.249076549
10.30859375,-0.918227907
10.3125,-1.49033403
10.31640625,-1.180910042
10.3203125,-0.218350666
10.32421875,0.800546098
10.328125,1.270780798
10.33203125,0.940601908
10.3359375,0.061381746
10.33984375,-0.76225851
10.34375,-0.933897252
10.34765625,-0.225513349
10.3515625,1.076191568
10.35546875,2.324986006
10.359375,2.882829809
10.36328125,2.486347836
10.3671875,1.398470235
10.37109375,0.256793279
10.375,-0.292893219
10.37890625,0.035674005
10.3828125,1.014039845
10.38671875,2.045354197
10.390625,2.524573928
10.39453125,2.199912356
10.3984375,1.322715268
10.40234375,0.49758601
10.40625,0.320937098
10.41015625,1.020789351
10.4140625,2.310449608
10.41796875,3.543703619
10.421875,4.082537203
10.42578125,3.663609877
10.4296875,2.549895052
10.43359375,1.379040768
10.4375,0.796896995
10.44140625,1.089795399
10.4453125,2.02935737
10.44921875,3.018817209
10.453125,3.453223902
10.45703125,3.080890383
10.4609375,2.153269318
10.46484375,1.275077938
10.46875,1.042849387
10.47265625,1.684731564
10.4765625,2.914164537
10.48046875,4.08507312
10.484375,4.559587701
10.48828125,4.074517522
10.4921875,2.892990518
10.49609375,1.652813685
10.5,1
10.50390625,1.221047796
10.5078125,2.087748388
10.51171875,3.003508862
10.515625,3.36355342
10.51953125,2.916372237
10.5234375,1.913596806
10.52734375,0.960124354
10.53125,0.652668743
10.53515625,1.21955889
10.5390625,2.374415739
10.54296875,3.471344401
10.546875,3.872654547
10.55078125,3.315333261
10.5546875,2.062684444
10.55859375,0.752688759
10.5625,0.03153013
10.56640625,0.185874708
10.5703125,0.987678084
10.57421875,1.840507685
10.578125,2.139743729
10.58203125,1.634027702
10.5859375,0.575137339
10.58984375,-0.431889321
10.59375,-0.790203368
10.59765625,-0.27134694
10.6015625,0.838423441
10.60546875,1.893328707
10.609375,2.25578736
10.61328125,1.662888044
10.6171875,0.378028716
10.62109375,-0.960723652
10.625,-1.707106781
10.62890625,-1.57438432
10.6328125,-0.790538797
10.63671875,0.04805061
10.640625,0.336808903
10.64453125,-0.175586382
10.6484375,-1.237330277
10.65234375,-2.243366408
10.65625,-2.596836477
10.66015625,-2.069282208
10.6640625,-0.946968693
10.66796875,0.124307459
10.671875,0.50693827
10.67578125,-0.062022972
10.6796875,-1.319222471
10.68359375,-2.626646121
10.6875,-3.338093095
10.69140625,-3.166896938
10.6953125,-2.341118363
10.69921875,-1.457222838
10.703125,-1.11987956
10.70703125,-1.58051288
10.7109375,-2.587427172
10.71484375,-3.535682604
10.71875,-3.828544345
10.72265625,-3.237684228
10.7265625,-2.049503791
10.73046875,-0.909942103
10.734375,-0.456755287
10.73828125,-0.953043539
10.7421875,-2.135611519
10.74609375,-3.366608187
10.75,-4
10.75390625,-3.749291619
10.7578125,-2.8427183
10.76171875,-1.876923071
10.765625,-1.456755287
10.76953125,-1.833821635
10.7734375,-2.756610572
10.77734375,-3.620367661
10.78125,-3.828544345
10.78515625,-3.152999172
10.7890625,-1.880320391
10.79296875,-0.656633348
10.796875,-0.11987956
10.80078125,-0.533343306
10.8046875,-1.634011581
10.80859375,-2.784213505
10.8125,-3.338093095
10.81640625,-3.009329553
10.8203125,-2.026329252
10.82421875,-0.985902505
10.828125,-0.49306173
10.83203125,-0.799572074
10.8359375,-1.654075474
10.83984375,-2.45196564
10.84375,-2.596836477
10.84765625,-1.860682976
10.8515625,-0.530223495
10.85546875,0.748293151
10.859375,1.336808903
10.86328125,0.971930143
10.8671875,-0.083432015
10.87109375,-1.191700887
10.875,-1.707106781
10.87890625,-1.343407084
10.8828125,-0.329078065
10.88671875,0.739008511
10.890625,1.25578736
10.89453125,0.969449175
10.8984375,0.131316659
10.90234375,-0.654030373
10.90625,-0.790203368
10.91015625,-0.049205889
10.9140625,1.28224412
10.91796875,2.557907234
10.921875,3.139743729
10.92578125,2.764387217
10.9296875,1.694784865
10.93359375,0.56855814
10.9375,0.03153013
10.94140625,0.370005326
10.9453125,1.355577663
10.94921875,2.391453728
10.953125,2.872654547
10.95703125,2.547464868
10.9609375,1.667308958
10.96484375,0.836875458
10.96875,0.652668743
10.97265625,1.342807786
10.9765625,2.620703588
10.98046875,3.840251769
10.984375,4.36355342
10.98828125,3.927388394
10.9921875,2.79485517
10.99609375,1.603731228
11,1
11.00390625,1.270130253
11.0078125,2.185883737
11.01171875,3.150637989
11.015625,3.559587701
11.01953125,3.161193587
11.0234375,2.207057755
11.02734375,1.302048131
11.03125,1.042849387
11.03515625,1.657761371
11.0390625,2.860376099
11.04296875,4.004769916
11.046875,4.453223902
11.05078125,3.942696741
11.0546875,2.736464151
11.05859375,1.472478832
11.0625,0.796896995
11.06640625,0.996357336
11.0703125,1.842788271
11.07421875,2.739730344
11.078125,3.082537203
11.08203125,2.619824086
11.0859375,1.603342827
11.08984375,0.638105919
11.09375,0.320937098
11.09765625,0.880269443
11.1015625,2.02982205
11.10546875,3.123791888
11.109375,3.524573928
11.11328125,2.96923373
11.1171875,1.721146626
11.12109375,0.418357438
11.125,-0.292893219
11.12890625,-0.125890154
11.1328125,0.691363454
11.13671875,1.562468303
11.140625,1.882829809
11.14453125,1.401106473
11.1484375,0.369084786
11.15234375,-0.608196782
11.15625,-0.933897252
11.16015625,-0.379575077
11.1640625,0.768488527
11.16796875,1.864481441
11.171875,2.270780798
11.17578125,1.72442563
11.1796875,0.488756115
11.18359375,-0.79822661
11.1875,-1.49033403
11.19140625,-1.30091134
11.1953125,-0.458030232
11.19921875,0.441833523
11.203125,0.794001111
11.20703125,0.347039251
11.2109375,-0.647364666
11.21484375,-1.584278344
11.21875,-1.866973785
11.22265625,-1.267128944
11.2265625,-0.071150771
11.23046875,1.075016966
11.234375,1.533614166
11.23828125,1.041537375
11.2421875,-0.138020607
11.24609375,-1.367210549
11.25,-2
11.25390625,-1.749893982
11.2578125,-0.845127388
11.26171875,0.117657842
11.265625,0.533614166
11.26953125,0.151137434
11.2734375,-0.778257552
11.27734375,-1.649812376
11.28125,-1.866973785
11.28515625,-1.201594912
11.2890625,0.059742115
11.29296875,1.270918784
11.296875,1.794001111
11.30078125,1.365713056
11.3046875,0.249076549
11.30859375,-0.918227907
11.3125,-1.49033403
11.31640625,-1.180910042
11.3203125,-0.218350666
11.32421875,0.800546098
11.328125,1.270780798
11.33203125,0.940601908
11.3359375,0.061381746
11.33984375,-0.76225851
11.34375,-0.933897252
11.34765625,-0.225513349
11.3515625,1.076191568
11.35546875,2.324986006
11.359375,2.882829809
11.36328125,2.486347836
11.3671875,1.398470235
11.37109375,0.256793279
11.375,-0.292893219
11.37890625,0.035674005
11.3828125,1.014039845
11.38671875,2.045354197
11.390625,2.524573928
11.39453125,2.199912356
11.3984375,1.322715268
11.40234375,0.49758601
11.40625,0.320937098
11.41015625,1.020789351
11.4140625,2.310449608
11.41796875,3.543703619
11.421875,4.082537203
11.42578125,3.663609877
11.4296875,2.549895052
11.43359375,1.379040768
11.4375,0.796896995
11.44140625,1.089795399
11.4453125,2.02935737
11.44921875,3.018817209
11.453125,3.453223902
11.45703125,3.080890383
11.4609375,2.153269318
11.46484375,1.275077938
11.46875,1.042849387
11.47265625,1.684731564
11.4765625,2.914164537
11.48046875,4.08507312
11.484375,4.559587701
11.48828125,4.074517522
11.4921875,2.892990518
11.49609375,1.652813685
11.5,1
11.50390625,1.221047796
11.5078125,2.087748388
11.51171875,3.003508862
11.515625,3.36355342
11.51953125,2.916372237
11.5234375,1.913596806
11.52734375,0.960124354
11.53125,0.652668743
11.53515625,1.21955889
11.5390625,2.374415739
11.54296875,3.471344401
11.546875,3.872654547
11.55078125,3.315333261
11.5546875,2.062684444
11.55859375,0.752688759
11.5625,0.03153013
11.56640625,0.185874708
11.5703125,0.987678084
11.57421875,1.840507685
11.578125,2.139743729
11.58203125,1.634027702
11.5859375,0.575137339
11.58984375,-0.431889321
11.59375,-0.790203368
11.59765625,-0.27134694
11.6015625,0.838423441
11.60546875,1.893328707
11.609375,2.25578736
11.61328125,1.662888044
11.6171875,0.378028716
11.62109375,-0.960723652
11.625,-1.707106781
11.62890625,-1.57438432
11.6328125,-0.790538797
11.63671875,0.04805061
11.640625,0.336808903
11.64453125,-0.175586382
11.6484375,-1.237330277
11.65234375,-2.243366408
11.65625,-2.596836477
11.66015625,-2.069282208
11.6640625,-0.946968693
11.66796875,0.124307459
11.671875,0.50693827
11.67578125,-0.062022972
11.6796875,-1.319222471
11.68359375,-2.626646121
11.6875,-3.338093095
11.69140625,-3.166896938
11.6953125,-2.341118363
11.69921875,-1.457222838
11.703125,-1.11987956
11.70703125,-1.58051288
11.7109375,-2.587427172
11.71484375,-3.535682604
11.71875,-3.828544345
11.72265625,-3.237684228
11.7265625,-2.049503791
11.73046875,-0.909942103
11.734375,-0.456755287
11.73828125,-0.953043539
11.7421875,-2.135611519
11.74609375,-3.366608187
11.75,-4
11.75390625,-3.749291619
11.7578125,-2.8427183
11.76171875,-1.876923071
11.765625,-1.456755287
11.76953125,-1.833821635
11.7734375,-2.756610572
11.77734375,-3.620367661
11.78125,-3.828544345
11.78515625,-3.152999172
11.7890625,-1.880320391
11.79296875,-0.656633348
11.796875,-0.11987956
11.80078125,-0.533343306
11.8046875,-1.634011581
11.80859375,-2.784213505
11.8125,-3.338093095
11.81640625,-3.009329553
11.8203125,-2.026329252
11.82421875,-0.985902505
11.828125,-0.49306173
11.83203125,-0.799572074
11.8359375,-1.654075474
11.83984375,-2.45196564
11.84375,-2.596836477
11.84765625,-1.860682976
11.8515625,-0.530223495
11.85546875,0.748293151
11.859375,1.336808903
11.86328125,0.971930143
11.8671875,-0.083432015
11.87109375,-1.191700887
11.875,-1.707106781
11.87890625,-1.343407084
11.8828125,-0.329078065
11.88671875,0.739008511
11.890625,1.25578736
11.89453125,0.969449175
11.8984375,0.131316659
11.90234375,-0.654030373
11.90625,-0.790203368
11.91015625,-0.049205889
11.9140625,1.28224412
11.91796875,2.557907234
11.921875,3.139743729
11.92578125,2.764387217
11.9296875,1.694784865
11.93359375,0.56855814
11.9375,0.03153013
11.94140625,0.370005326
11.9453125,1.355577663
11.94921875,2.391453728
11.953125,2.872654547
11.95703125,2.547464868
11.9609375,1.667308958
11.96484375,0.836875458
11.96875,0.652668743
11.97265625,1.342807786
11.9765625,2.620703588
11.98046875,3.840251769
11.984375,4.36355342
11.98828125,3.927388394
11.9921875,2.79485517
11.99609375,1.603731228
12,1
12.00390625,1.270130253
12.0078125,2.185883737
12.01171875,3.150637989
12.015625,3.559587701
12.01953125,3.161193587
12.0234375,2.207057755
12.02734375,1.302048131
12.03125,1.042849387
12.03515625,1.657761371
12.0390625,2.860376099
12.04296875,4.004769916
12.046875,4.453223902
12.05078125,3.942696741
12.0546875,2.736464151
12.05859375,1.472478832
12.0625,0.796896995
12.06640625,0.996357336
12.0703125,1.842788271
12.07421875,2.739730344
12.078125,3.082537203
12.08203125,2.619824086
12.0859375,1.603342827
12.08984375,0.638105919
12.09375,0.320937098
12.09765625,0.880269443
12.1015625,2.02982205
12.10546875,3.123791888
12.109375,3.524573928
12.11328125,2.96923373
12.1171875,1.721146626
12.12109375,0.418357438
12.125,-0.292893219
12.12890625,-0.125890154
12.1328125,0.691363454
12.13671875,1.562468303
12.140625,1.882829809
12.14453125,1.401106473
12.1484375,0.369084786
12.15234375,-0.608196782
12.15625,-0.933897252
12.16015625,-0.379575077
12.1640625,0.768488527
12.16796875,1.864481441
12.171875,2.270780798
12.17578125,1.72442563
12.1796875,0.488756115
12.18359375,-0.79822661
12.1875,-1.49033403
12.19140625,-1.30091134
12.1953125,-0.458030232
12.19921875,0.441833523
12.203125,0.794001111
12.20703125,0.347039251
12.2109375,-0.647364666
12.21484375,-1.584278344
12.21875,-1.866973785
12.22265625,-1.267128944
12.2265625,-0.071150771
12.23046875,1.075016966
12.234375,1.533614166
12.23828125,1.041537375
12.2421875,-0.138020607
12.24609375,-1.367210549
12.25,-2
12.25390625,-1.749893982
12.2578125,-0.845127388
12.26171875,0.117657842
12.265625,0.533614166
12.26953125,0.151137434
12.2734375,-0.778257552
12.27734375,-1.649812376
12.28125,-1.866973785
12.28515625,-1.201594912
12.2890625,0.059742115
12.29296875,1.270918784
12.296875,1.794001111
12.30078125,1.365713056
12.3046875,0.249076549
12.30859375,-0.918227907
12.3125,-1.49033403
12.31640625,-1.180910042
12.3203125,-0.218350666
12.32421875,0.800546098
12.328125,1.270780798
12.33203125,0.940601908
12.3359375,0.061381746
12.33984375,-0.76225851
12.34375,-0.933897252
12.34765625,-0.225513349
12.3515625,1.076191568
12.35546875,2.324986006
12.359375,2.882829809
12.36328125,2.486347836
12.3671875,1.398470235
12.37109375,0.256793279
12.375,-0.292893219
12.37890625,0.035674005
12.3828125,1.014039845
12.38671875,2.045354197
12.390625,2.524573928
12.39453125,2.199912356
12.3984375,1.322715268
12.40234375,0.49758601
12.40625,0.320937098
12.41015625,1.020789351
12.4140625,2.310449608
12.41796875,3.543703619
12.421875,4.082537203
12.42578125,3.663609877
12.4296875,2.549895052
12.43359375,1.379040768
12.4375,0.796896995
12.44140625,1.089795399
12.4453125,2.02935737
12.44921875,3.018817209
12.453125,3.453223902
12.45703125,3.080890383
12.4609375,2.153269318
12.46484375,1.275077938
12.46875,1.042849387
12.47265625,1.684731564
12.4765625,2.914164537
12.48046875,4.08507312
12.484375,4.559587701
12.48828125,4.074517522
12.4921875,2.892990518
12.49609375,1.652813685
12.5,1
12.50390625,1.221047796
12.5078125,2.087748388
12.51171875,3.003508862
12.515625,3.36355342
12.51953125,2.916372237
12.5234375,1.913596806
12.52734375,0.960124354
12.53125,0.652668743
12.53515625,1.21955889
12.5390625,2.374415739
12.54296875,3.471344401
12.546875,3.872654547
12.55078125,3.315333261
12.5546875,2.062684444
12.55859375,0.752688759
12.5625,0.03153013
12.56640625,0.185874708
12.5703125,0.987678084
12.57421875,1.840507685
12.578125,2.139743729
12.58203125,1.634027702
12.5859375,0.575137339
12.58984375,-0.431889321
12.59375,-0.790203368
12.59765625,-0.27134694
12.6015625,0.838423441
12.60546875,1.893328707
12.609375,2.25578736
12.61328125,1.662888044
12.6171875,0.378028716
12.62109375,-0.960723652
12.625,-1.707106781
12.62890625,-1.57438432
12.6328125,-0.790538797
12.63671875,0.04805061
12.640625,0.336808903
12.64453125,-0.175586382
12.6484375,-1.237330277
12.65234375,-2.243366408
12.65625,-2.596836477
12.66015625,-2.069282208
12.6640625,-0.946968693
12.66796875,0.124307459
12.671875,0.50693827
12.67578125,-0.062022972
12.6796875,-1.319222471
12.68359375,-2.626646121
12.6875,-3.338093095
12.69140625,-3.166896938
12.6953125,-2.341118363
12.69921875,-1.457222838
12.703125,-1.11987956
12.70703125,-1.58051288
12.7109375,-2.587427172
12.71484375,-3.535682604
12.71875,-3.828544345
12.72265625,-3.237684228
12.7265625,-2.049503791
12.73046875,-0.909942103
12.734375,-0.456755287
12.73828125,-0.953043539
12.7421875,-2.135611519
12.74609375,-3.366608187
12.75,-4
12.75390625,-3.749291619
12.7578125,-2.8427183
12.76171875,-1.876923071
12.765625,-1.456755287
12.76953125,-1.833821635
12.7734375,-2.756610572
12.77734375,-3.620367661
12.78125,-3.828544345
12.78515625,-3.152999172
12.7890625,-1.880320391
12.79296875,-0.656633348
12.796875,-0.11987956
12.80078125,-0.533343306
12.8046875,-1.634011581
12.80859375,-2.784213505
12.8125,-3.338093095
12.81640625,-3.009329553
12.8203125,-2.026329252
12.82421875,-0.985902505
12.828125,-0.49306173
12.83203125,-0.799572074
12.8359375,-1.654075474
12.83984375,-2.45196564
12.84375,-2.596836477
12.84765625,-1.860682976
12.8515625,-0.530223495
12.85546875,0.748293151
12.859375,1.336808903
12.86328125,0.971930143
12.8671875,-0.083432015
12.87109375,-1.191700887
12.875,-1.707106781
12.87890625,-1.343407084
12.8828125,-0.329078065
12.88671875,0.739008511
12.890625,1.25578736
12.89453125,0.969449175
12.8984375,0.131316659
12.90234375,-0.654030373
12.90625,-0.790203368
12.91015625,-0.049205889
12.9140625,1.28224412
12.91796875,2.557907234
12.921875,3.139743729
12.92578125,2.764387217
12.9296875,1.694784865
12.93359375,0.56855814
12.9375,0.03153013
12.94140625,0.370005326
12.9453125,1.355577663
12.94921875,2.391453728
12.953125,2.872654547
12.95703125,2.547464868
12.9609375,1.667308958
12.96484375,0.836875458
12.96875,0.652668743
12.97265625,1.342807786
12.9765625,2.620703588
12.98046875,3.840251769
12.984375,4.36355342
12.98828125,3.927388394
12.9921875,2.79485517
12.99609375,1.603731228
13,1
13.00390625,1.270130253
13.0078125,2.185883737
13.01171875,3.150637989
13.015625,3.559587701
13.01953125,3.161193587
13.0234375,2.207057755
13.02734375,1.302048131
13.03125,1.042849387
13.03515625,1.657761371
13.0390625,2.860376099
13.04296875,4.004769916
13.046875,4.453223902
13.05078125,3.942696741
13.0546875,2.736464151
13.05859375,1.472478832
13.0625,0.796896995
13.06640625,0.996357336
13.0703125,1.842788271
13.07421875,2.739730344
13.078125,3.082537203
13.08203125,2.619824086
13.0859375,1.603342827
13.08984375,0.638105919
13.09375,0.320937098
13.09765625,0.880269443
13.1015625,2.02982205
13.10546875,3.123791888
13.109375,3.524573928
13.11328125,2.96923373
13.1171875,1.721146626
13.12109375,0.418357438
13.125,-0.292893219
13.12890625,-0.125890154
13.1328125,0.691363454
13.13671875,1.562468303
13.140625,1.882829809
13.14453125,1.401106473
13.1484375,0.369084786
13.15234375,-0.608196782
13.15625,-0.933897252
13.16015625,-0.379575077
13.1640625,0.768488527
13.16796875,1.864481441
13.171875,2.270780798
13.17578125,1.72442563
13.1796875,0.488756115
13.18359375,-0.79822661
13.1875,-1.49033403
13.19140625,-1.30091134
13.1953125,-0.458030232
13.19921875,0.441833523
13.203125,0.794001111
13.20703125,0.347039251
13.2109375,-0.647364666
13.21484375,-1.584278344
13.21875,-1.866973785
13.22265625,-1.267128944
13.2265625,-0.071150771
13.23046875,1.075016966
13.234375,1.533614166
13.23828125,1.041537375
13.2421875,-0.138020607
13.24609375,-1.367210549
13.25,-2
13.25390625,-1.749893982
13.2578125,-0.845127388
13.26171875,0.117657842
13.265625,0.533614166
13.26953125,0.151137434
13.2734375,-0.778257552
13.27734375,-1.649812376
13.28125,-1.866973785
13.28515625,-1.201594912
13.2890625,0.059742115
13.29296875,1.270918784
13.296875,1.794001111
13.30078125,1.365713056
13.3046875,0.249076549
13.30859375,-0.918227907
13.3125,-1.49033403
13.31640625,-1.180910042
13.3203125,-0.218350666
13.32421875,0.800546098
13.328125,1.270780798
13.33203125,0.940601908
13.3359375,0.061381746
13.33984375,-0.76225851
13.34375,-0.933897252
13.34765625,-0.225513349
13.3515625,1.076191568
13.35546875,2.324986006
13.359375,2.882829809
13.36328125,2.486347836
13.3671875,1.398470235
13.37109375,0.256793279
13.375,-0.292893219
13.37890625,0.035674005
13.3828125,1.014039845
13.38671875,2.045354197
13.390625,2.524573928
13.39453125,2.199912356
13.3984375,1.322715268
13.40234375,0.49758601
13.40625,0.320937098
13.41015625,1.020789351
13.4140625,2.310449608
13.41796875,3.543703619
13.421875,4.082537203
13.42578125,3.663609877
13.4296875,2.549895052
13.43359375,1.379040768
13.4375,0.796896995
13.44140625,1.089795399
13.4453125,2.02935737
13.44921875,3.018817209
13.453125,3.453223902
13.45703125,3.080890383
13.4609375,2.153269318
13.46484375,1.275077938
13.46875,1.042849387
13.47265625,1.684731564
13.4765625,2.914164537
13.48046875,4.08507312
13.484375,4.559587701
13.48828125,4.074517522
13.4921875,2.892990518
13.49609375,1.652813685
13.5,1
13.50390625,1.221047796
13.5078125,2.087748388
13.51171875,3.003508862
13.515625,3.36355342
13.51953125,2.916372237
13.5234375,1.913596806
13.52734375,0.960124354
13.53125,0.652668743
13.53515625,1.21955889
13.5390625,2.374415739
13.54296875,3.471344401
13.546875,3.872654547
13.55078125,3.315333261
13.5546875,2.062684444
13.55859375,0.752688759
13.5625,0.03153013
13.56640625,0.185874708
13.5703125,0.987678084
13.57421875,1.840507685
13.578125,2.139743729
13.58203125,1.634027702
13.5859375,0.575137339
13.58984375,-0.431889321
13.59375,-0.790203368
13.59765625,-0.27134694
13.6015625,0.838423441
13.60546875,1.893328707
13.609375,2.25578736
13.61328125,1.662888044
13.6171875,0.378028716
13.62109375,-0.960723652
13.625,-1.707106781
13.62890625,-1.57438432
13.6328125,-0.790538797
13.63671875,0.04805061
13.640625,0.336808903
13.64453125,-0.175586382
13.6484375,-1.237330277
13.65234375,-2.243366408
13.65625,-2.596836477
13.66015625,-2.069282208
13.6640625,-0.946968693
13.66796875,0.124307459
13.671875,0.50693827
13.67578125,-0.062022972
13.6796875,-1.319222471
13.68359375,-2.626646121
13.6875,-3.338093095
13.69140625,-3.166896938
13.6953125,-2.341118363
13.69921875,-1.457222838
13.703125,-1.11987956
13.70703125,-1.58051288
13.7109375,-2.587427172
13.71484375,-3.535682604
13.71875,-3.828544345
13.72265625,-3.237684228
13.7265625,-2.049503791
13.73046875,-0.909942103
13.734375,-0.456755287
13.73828125,-0.953043539
13.7421875,-2.135611519
13.74609375,-3.366608187
13.75,-4
13.75390625,-3.749291619
13.7578125,-2.8427183
13.76171875,-1.876923071
13.765625,-1.456755287
13.76953125,-1.833821635
13.7734375,-2.756610572
13.77734375,-3.620367661
13.78125,-3.828544345
13.78515625,-3.152999172
13.7890625,-1.880320391
13.79296875,-0.656633348
13.796875,-0.11987956
13.80078125,-0.533343306
13.8046875,-1.634011581
13.80859375,-2.784213505
13.8125,-3.338093095
13.81640625,-3.009329553
13.8203125,-2.026329252
13.82421875,-0.985902505
13.828125,-0.49306173
13.83203125,-0.799572074
13.8359375,-1.654075474
13.83984375,-2.45196564
13.84375,-2.596836477
13.84765625,-1.860682976
13.8515625,-0.530223495
13.85546875,0.748293151
13.859375,1.336808903
13.86328125,0.971930143
13.8671875,-0.083432015
13.87109375,-1.191700887
13.875,-1.707106781
13.87890625,-1.343407084
13.8828125,-0.329078065
13.88671875,0.739008511
13.890625,1.25578736
13.89453125,0.969449175
13.8984375,0.131316659
13.90234375,-0.654030373
13.90625,-0.790203368
13.91015625,-0.049205889
13.9140625,1.28224412
13.91796875,2.557907234
13.921875,3.139743729
13.92578125,2.764387217
13.9296875,1.694784865
13.93359375,0.56855814
13.9375,0.03153013
13.94140625,0.370005326
13.9453125,1.355577663
13.94921875,2.391453728
13.953125,2.872654547
13.95703125,2.547464868
13.9609375,1.667308958
13.96484375,0.836875458
13.96875,0.652668743
13.97265625,1.342807786
13.9765625,2.620703588
13.98046875,3.840251769
13.984375,4.36355342
13.98828125,3.927388394
13.9921875,2.79485517
13.99609375,1.603731228
14,1
14.00390625,1.270130253
14.0078125,2.185883737
14.01171875,3.150637989
14.015625,3.559587701
14.01953125,3.161193587
14.0234375,2.207057755
14.02734375,1.302048131
14.03125,1.042849387
14.03515625,1.657761371
14.0390625,2.860376099
14.04296875,4.004769916
14.046875,4.453223902
14.05078125,3.942696741
14.0546875,2.736464151
14.05859375,1.472478832
14.0625,0.796896995
14.06640625,0.996357336
14.0703125,1.842788271
14.07421875,2.739730344
14.078125,3.082537203
14.08203125,2.619824086
14.0859375,1.603342827
14.08984375,0.638105919
14.09375,0.320937098
14.09765625,0.880269443
14.1015625,2.02982205
14.10546875,3.123791888
14.109375,3.524573928
14.11328125,2.96923373
14.1171875,1.721146626
14.12109375,0.418357438
14.125,-0.292893219
14.12890625,-0.125890154
14.1328125,0.691363454
14.13671875,1.562468303
14.140625,1.882829809
14.14453125,1.401106473
14.1484375,0.369084786
14.15234375,-0.608196782
14.15625,-0.933897252
14.16015625,-0.379575077
14.1640625,0.768488527
14.16796875,1.864481441
14.171875,2.270780798
14.17578125,1.72442563
14.1796875,0.488756115
14.18359375,-0.79822661
14.1875,-1.49033403
14.19140625,-1.30091134
14.1953125,-0.458030232
14.19921875,0.441833523
14.203125,0.794001111
14.20703125,0.347039251
14.2109375,-0.647364666
14.21484375,-1.584278344
14.21875,-1.866973785
14.22265625,-1.267128944
14.2265625,-0.071150771
14.23046875,1.075016966
14.234375,1.533614166
14.23828125,1.041537375
14.2421875,-0.138020607
14.24609375,-1.367210549
14.25,-2
14.25390625,-1.749893982
14.2578125,-0.845127388
14.26171875,0.117657842
14.265625,0.533614166
14.26953125,0.151137434
14.2734375,-0.778257552
14.27734375,-1.649812376
14.28125,-1.866973785
14.28515625,-1.201594912
14.2890625,0.059742115
14.29296875,1.270918784
14.296875,1.794001111
14.30078125,1.365713056
14.3046875,0.249076549
14.30859375,-0.918227907
14.3125,-1.49033403
14.31640625,-1.180910042
14.3203125,-0.218350666
14.32421875,0.800546098
14.328125,1.270780798
14.33203125,0.940601908
14.3359375,0.061381746
14.33984375,-0.76225851
14.34375,-0.933897252
14.34765625,-0.225513349
14.3515625,1.076191568
14.35546875,2.324986006
14.359375,2.882829809
14.36328125,2.486347836
14.3671875,1.398470235
14.37109375,0.256793279
14.375,-0.292893219
14.37890625,0.035674005
14.3828125,1.014039845
14.38671875,2.045354197
14.390625,2.524573928
14.39453125,2.199912356
14.3984375,1.322715268
14.40234375,0.49758601
14.40625,0.320937098
14.41015625,1.020789351
14.4140625,2.310449608
14.41796875,3.543703619
14.421875,4.082537203
14.42578125,3.663609877
14.4296875,2.549895052
14.43359375,1.379040768
14.4375,0.796896995
14.44140625,1.089795399
14.4453125,2.02935737
14.44921875,3.018817209
14.453125,3.453223902
14.45703125,3.080890383
14.4609375,2.153269318
14.46484375,1.275077938
14.46875,1.042849387
14.47265625,1.684731564
14.4765625,2.914164537
14.48046875,4.08507312
14.484375,4.559587701
14.48828125,4.074517522
14.4921875,2.892990518
14.49609375,1.652813685
14.5,1
14.50390625,1.221047796
14.5078125,2.087748388
14.51171875,3.003508862
14.515625,3.36355342
14.51953125,2.916372237
14.5234375,1.913596806
14.52734375,0.960124354
14.53125,0.652668743
14.53515625,1.21955889
14.5390625,2.374415739
14.54296875,3.471344401
14.546875,3.872654547
14.55078125,3.315333261
14.5546875,2.062684444
14.55859375,0.752688759
14.5625,0.03153013
14.56640625,0.185874708
14.5703125,0.987678084
14.57421875,1.840507685
14.578125,2.139743729
14.58203125,1.634027702
14.5859375,0.575137339
14.58984375,-0.431889321
14.59375,-0.790203368
14.59765625,-0.27134694
14.6015625,0.838423441
14.60546875,1.893328707
14.609375,2.25578736
14.61328125,1.662888044
14.6171875,0.378028716
14.62109375,-0.960723652
14.625,-1.707106781
14.62890625,-1.57438432
14.6328125,-0.790538797
14.63671875,0.04805061
14.640625,0.336808903
14.64453125,-0.175586382
14.6484375,-1.237330277
14.65234375,-2.243366408
14.65625,-2.596836477
14.66015625,-2.069282208
14.6640625,-0.946968693
14.66796875,0.124307459
14.671875,0.50693827
14.67578125,-0.062022972
14.6796875,-1.319222471
14.68359375,-2.626646121
14.6875,-3.338093095
14.69140625,-3.166896938
14.6953125,-2.341118363
14.69921875,-1.457222838
14.703125,-1.11987956
14.70703125,-1.58051288
14.7109375,-2.587427172
14.71484375,-3.535682604
14.71875,-3.828544345
14.72265625,-3.237684228
14.7265625,-2.049503791
14.73046875,-0.909942103
14.734375,-0.456755287
14.73828125,-0.953043539
14.7421875,-2.135611519
14.74609375,-3.366608187
14.75,-4
14.75390625,-3.749291619
14.7578125,-2.8427183
14.76171875,-1.876923071
14.765625,-1.456755287
14.76953125,-1.833821635
14.7734375,-2.756610572
14.77734375,-3.620367661
14.78125,-3.828544345
14.78515625,-3.152999172
14.7890625,-1.880320391
14.79296875,-0.656633348
14.796875,-0.11987956
14.80078125,-0.533343306
14.8046875,-1.634011581
14.80859375,-2.784213505
14.8125,-3.338093095
14.81640625,-3.009329553
14.8203125,-2.026329252
14.82421875,-0.985902505
14.828125,-0.49306173
14.83203125,-0.799572074
14.8359375,-1.654075474
14.83984375,-2.45196564
14.84375,-2.596836477
14.84765625,-1.860682976
14.8515625,-0.530223495
14.85546875,0.748293151
14.859375,1.336808903
14.86328125,0.971930143
14.8671875,-0.083432015
14.87109375,-1.191700887
14.875,-1.707106781
14.87890625,-1.343407084
14.8828125,-0.329078065
14.88671875,0.739008511
14.890625,1.25578736
14.89453125,0.969449175
14.8984375,0.131316659
14.90234375,-0.654030373
14.90625,-0.790203368
14.91015625,-0.049205889
14.9140625,1.28224412
14.91796875,2.557907234
14.921875,3.139743729
14.92578125,2.764387217
14.9296875,1.694784865
14.93359375,0.56855814
14.9375,0.03153013
14.94140625,0.370005326
14.9453125,1.355577663
14.94921875,2.391453728
14.953125,2.872654547
14.95703125,2.547464868
14.9609375,1.667308958
14.96484375,0.836875458
14.96875,0.652668743
14.97265625,1.342807786
14.9765625,2.620703588
14.98046875,3.840251769
14.984375,4.36355342
14.98828125,3.927388394
14.9921875,2.79485517
14.99609375,1.603731228
15,1
15.00390625,1.270130253
15.0078125,2.185883737
15.01171875,3.150637989
15.015625,3.559587701
15.01953125,3.161193587
15.0234375,2.207057755
15.02734375,1.302048131
15.03125,1.042849387
15.03515625,1.657761371
15.0390625,2.860376099
15.04296875,4.004769916
15.046875,4.453223902
15.05078125,3.942696741
15.0546875,2.736464151
15.05859375,1.472478832
15.0625,0.796896995
15.06640625,0.996357336
15.0703125,1.842788271
15.07421875,2.739730344
15.078125,3.082537203
15.08203125,2.619824086
15.0859375,1.603342827
15.08984375,0.638105919
15.09375,0.320937098
15.09765625,0.880269443
15.1015625,2.02982205
15.10546875,3.123791888
15.109375,3.524573928
15.11328125,2.96923373
15.1171875,1.721146626
15.12109375,0.418357438
15.125,-0.292893219
15.12890625,-0.125890154
15.1328125,0.691363454
15.13671875,1.562468303
15.140625,1.882829809
15.14453125,1.401106473
15.1484375,0.369084786
15.15234375,-0.608196782
15.15625,-0.933897252
15.16015625,-0.379575077
15.1640625,0.768488527
15.16796875,1.864481441
15.171875,2.270780798
15.17578125,1.72442563
15.1796875,0.488756115
15.18359375,-0.79822661
15.1875,-1.49033403
15.19140625,-1.30091134
15.1953125,-0.458030232
15.19921875,0.441833523
15.203125,0.794001111
15.20703125,0.347039251
15.2109375,-0.647364666
15.21484375,-1.584278344
15.21875,-1.866973785
15.22265625,-1.267128944
15.2265625,-0.071150771
15.23046875,1.075016966
15.234375,1.533614166
15.23828125,1.041537375
15.2421875,-0.138020607
15.24609375,-1.367210549
15.25,-2
15.25390625,-1.749893982
15.2578125,-0.845127388
15.26171875,0.117657842
15.265625,0.533614166
15.26953125,0.151137434
15.2734375,-0.778257552
15.27734375,-1.649812376
15.28125,-1.866973785
15.28515625,-1.201594912
15.2890625,0.059742115
15.29296875,1.270918784
15.296875,1.794001111
15.30078125,1.365713056
15.3046875,0.249076549
15.30859375,-0.918227907
15.3125,-1.49033403
15.31640625,-1.180910042
15.3203125,-0.218350666
15.32421875,0.800546098
15.328125,1.270780798
15.33203125,0.940601908
15.3359375,0.061381746
15.33984375,-0.76225851
15.34375,-0.933897252
15.34765625,-0.225513349
15.3515625,1.076191568
15.35546875,2.324986006
15.359375,2.882829809
15.36328125,2.486347836
15.3671875,1.398470235
15.37109375,0.256793279
15.375,-0.292893219
15.37890625,0.035674005
15.3828125,1.014039845
15.38671875,2.045354197
15.390625,2.524573928
15.39453125,2.199912356
15.3984375,1.322715268
15.40234375,0.49758601
15.40625,0.320937098
15.41015625,1.020789351
15.4140625,2.310449608
15.41796875,3.543703619
15.421875,4.082537203
15.42578125,3.663609877
15.4296875,2.549895052
15.43359375,1.379040768
15.4375,0.796896995
15.44140625,1.089795399
15.4453125,2.02935737
15.44921875,3.018817209
15.453125,3.453223902
15.45703125,3.080890383
15.4609375,2.153269318
15.46484375,1.275077938
15.46875,1.042849387
15.47265625,1.684731564
15.4765625,2.914164537
15.48046875,4.08507312
15.484375,4.559587701
15.48828125,4.074517522
15.4921875,2.892990518
15.49609375,1.652813685
15.5,1
15.50390625,1.221047796
15.5078125,2.087748388
15.51171875,3.003508862
15.515625,3.36355342
15.51953125,2.916372237
15.5234375,1.913596806
15.52734375,0.960124354
15.53125,0.652668743
15.53515625,1.21955889
15.5390625,2.374415739
15.54296875,3.471344401
15.546875,3.872654547
15.55078125,3.315333261
15.5546875,2.062684444
15.55859375,0.752688759
15.5625,0.03153013
15.56640625,0.185874708
15.5703125,0.987678084
15.57421875,1.840507685
15.578125,2.139743729
15.58203125,1.634027702
15.5859375,0.575137339
15.58984375,-0.431889321
15.59375,-0.790203368
15.59765625,-0.27134694
15.6015625,0.838423441
15.60546875,1.893328707
15.609375,2.25578736
15.61328125,1.662888044
15.6171875,0.378028716
15.62109375,-0.960723652
15.625,-1.707106781
15.62890625,-1.57438432
15.6328125,-0.790538797
15.63671875,0.04805061
15.640625,0.336808903
15.64453125,-0.175586382
15.6484375,-1.237330277
15.65234375,-2.243366408
15.65625,-2.596836477
15.66015625,-2.069282208
15.6640625,-0.946968693
15.66796875,0.124307459
15.671875,0.50693827
15.67578125,-0.062022972
15.6796875,-1.319222471
15.68359375,-2.626646121
15.6875,-3.338093095
15.69140625,-3.166896938
15.6953125,-2.341118363
15.69921875,-1.457222838
15.703125,-1.11987956
15.70703125,-1.58051288
15.7109375,-2.587427172
15.71484375,-3.535682604
15.71875,-3.828544345
15.72265625,-3.237684228
15.7265625,-2.049503791
15.73046875,-0.909942103
15.734375,-0.456755287
15.73828125,-0.953043539
15.7421875,-2.135611519
15.74609375,-3.366608187
15.75,-4
15.75390625,-3.749291619
15.7578125,-2.8427183
15.76171875,-1.876923071
15.765625,-1.456755287
15.76953125,-1.833821635
15.7734375,-2.756610572
15.77734375,-3.620367661
15.78125,-3.828544345
15.78515625,-3.152999172
15.7890625,-1.880320391
15.79296875,-0.656633348
15.796875,-0.11987956
15.80078125,-0.533343306
15.8046875,-1.634011581
15.80859375,-2.784213505
15.8125,-3.338093095
15.81640625,-3.009329553
15.8203125,-2.026329252
15.82421875,-0.985902505
15.828125,-0.49306173
15.83203125,-0.799572074
15.8359375,-1.654075474
15.83984375,-2.45196564
15.84375,-2.596836477
15.84765625,-1.860682976
15.8515625,-0.530223495
15.85546875,0.748293151
15.859375,1.336808903
15.86328125,0.971930143
15.8671875,-0.083432015
15.87109375,-1.191700887
15.875,-1.707106781
15.87890625,-1.343407084
15.8828125,-0.329078065
15.88671875,0.739008511
15.890625,1.25578736
15.89453125,0.969449175
15.8984375,0.131316659
15.90234375,-0.654030373
15.90625,-0.790203368
15.91015625,-0.049205889
15.9140625,1.28224412
15.91796875,2.557907234
15.921875,3.139743729
15.92578125,2.764387217
15.9296875,1.694784865
15.93359375,0.56855814
15.9375,0.03153013
15.94140625,0.370005326
15.9453125,1.355577663
15.94921875,2.391453728
15.953125,2.872654547
15.95703125,2.547464868
15.9609375,1.667308958
15.96484375,0.836875458
15.96875,0.652668743
15.97265625,1.342807786
15.9765625,2.620703588
15.98046875,3.840251769
15.984375,4.36355342
15.98828125,3.927388394
15.9921875,2.79485517
15.99609375,1.603731228
